ICGC-Breast_common_DBS11	ICGC-Breast_common_DBS13	ICGC-Breast_common_DBS20	ICGC-Breast_rare_DBS28	ICGC-Breast_rare_DBS27	ICGC-Ovary_common_DBS13+20	ICGC-Ovary_rare_DBS13+20	ICGC-Ovary_rare_DBS5	ICGC-Ovary_rare_DBS13+19+20_a	ICGC-Ovary_rare_DBS13+19+20_b	ICGC-Bone_SoftTissue_common_DBS13+20	ICGC-Liver_common_DBS2	ICGC-Liver_common_DBS13+20	ICGC-Liver_rare_DBS23	ICGC-Liver_rare_DBS5	ICGC-Liver_rare_DBS18	ICGC-CNS_common_DBS13+20	ICGC-CNS_rare_DBS11+13	ICGC-Pancreas_common_DBS13+20	ICGC-Pancreas_rare_DBS5+25	ICGC-Pancreas_rare_DBS20	ICGC-Pancreas_rare_DBS27	ICGC-Pancreas_rare_DBS16+20	ICGC-Pancreas_rare_DBS5	ICGC-Prostate_common_DBS13	ICGC-Prostate_rare_DBS27_a	ICGC-Prostate_rare_DBS27_b	ICGC-Prostate_rare_DBS18	ICGC-Lymphoid_common_DBS11+20	ICGC-Lymphoid_common_DBS22	ICGC-Kidney_common_DBS13+20	ICGC-Kidney_rare_DBS15	ICGC-Kidney_rare_DBS23	ICGC-Skin_common_DBS1	ICGC-Esophagus_common_DBS26	ICGC-Esophagus_common_DBS13+20	ICGC-Esophagus_rare_DBS5	ICGC-Esophagus_rare_DBS8	ICGC-Esophagus_rare_DBS26	ICGC-Esophagus_rare_DBS7	ICGC-Lung_common_DBS2	ICGC-Lung_common_DBS13	ICGC-Lung_rare_DBS20	ICGC-NET_common_DBS13+20	ICGC-Stomach_common_DBS13+20	ICGC-Stomach_rare_DBS25	ICGC-Stomach_rare_DBS26_a	ICGC-Stomach_rare_DBS19	ICGC-Stomach_rare_DBS26_b	ICGC-Stomach_rare_DBS20	ICGC-Head_neck_common_DBS4	ICGC-Head_neck_rare_DBS13+18	ICGC-Head_neck_rare_DBS2	ICGC-Head_neck_rare_DBS11	ICGC-Head_neck_rare_DBS5+20	ICGC-Head_neck_rare_DBS17	ICGC-Colorectal_common_DBS13+20	ICGC-Colorectal_rare_DBS25	ICGC-Colorectal_rare_DBS3	ICGC-Colorectal_rare_DBS19	ICGC-Colorectal_rare_DBS10	ICGC-Uterus_common_DBS13+20	ICGC-Uterus_rare_DBS27	ICGC-Uterus_rare_DBS17	ICGC-Uterus_rare_DBS37	ICGC-Uterus_rare_DBS3	ICGC-Uterus_rare_DBS33	ICGC-Uterus_rare_DBS19	ICGC-Biliary_common_DBS13	ICGC-Biliary_rare_DBS19	ICGC-Bladder_common_DBS13	ICGC-Bladder_rare_DBS11
AC>CA	1.62934798405126e-19	0.00565999975564698	0.011309874980162	0.0170456950255237	0.00526583559891852	0.008	0.0109793867408425	0.00495478775007892	0.0286272560922561	0.0351354690396485	0.00742942050520059	1.79848304658269e-20	0.0105827955410325	0	0.00476883247665516	2.12272308704313e-28	0.00600600600600601	0	0.00624783061437001	0.00771634863690264	0	0	0.0155826953809203	0	0.00211416490486258	0.00978615397193079	0.0219780254416079	0	0.0181872310738556	0.0139072720037748	0.0120504973221117	0.0275565358945815	2.31767094165341e-09	0.00056980056980057	0.0492397539206808	0.0118944265779687	0.0217032903846856	0.186023808957659	0.0215939909191779	0.0315119759320727	0.000505042599518792	0.00421908432691715	6.43780269065943e-09	0.00467289719626168	0.00927357032457496	0.0204021590353781	0.0321430169057374	0.0263653951772843	0.106145963763857	0.0106139033550979	0.00376506024096386	0.00514954246928921	0.00284618002129295	0.00187297465893205	0.0106339865246764	0	0.017913593256059	0.00260405421496065	0.00515235637350885	0.00663669190018613	0.00887834516870082	0.0054054054054054	0	0.00538563432736418	0.0200269765777961	0	0.00903475694570335	0.00782281661233733	0.0105882352941176	0.0176453819551235	0.00363967242948135	0.00194129621524456
AC>CG	0.00137625844108023	0.00109821634204984	0.0016982560632748	0	0	0	0	0.00156802838188071	0	0	0	1.79848304658269e-20	0.000545511310260419	0	0.000763269102685598	0	0	0	0.001041305102395	0	0	0	0	0	0	0	0	0	1.36006339141304e-19	0.0051282527757105	0.00210405508798776	0.00525180081003493	0	0	0.00337586767108054	0.00141895006487886	0	0	0.00519493522147511	0.00455137803950928	0.000248471222033886	0.000661260586009634	0	0	0.00309119010819165	0.00470020980007855	0.00969135574847934	0.00205115789829108	0.00537153147894378	0	0	0	0	0	0	0	0	0.00180489532402373	0.0001451499191072	0.00447274811569581	0	0.0018018018018018	0	0	0	0	0	0	0.00117647058823529	0	0	0
AC>CT	0.00324641173167945	0.00167225627046832	0.00720851172996083	0.0112447234636281	0	0.00347169811320755	0.00469623002639608	0.00686520447737057	0.0143165176221081	0.0115117593404227	0.00297176820208024	1.50962689304977e-14	0.00314560176397727	0.00752358821973278	4.16013434976667e-05	0.00268490879728092	0	0.0075404134827116	0.00347101700798334	0.0169433754081727	0	0	0	0	0.00634249471458774	0	0.0109890102962954	0.00244909777423304	0.00519580511584494	0.0109059356427457	0.0101377199693956	0.0280703386730004	0.0118152722333297	0.00512820512820513	0.0145211192578593	0.00562696160809905	0	0.443391189479999	0.00337549416237539	3.32770123591129e-09	0.000269289601326441	0.00163315475028217	0.0154161118653387	0	0.00463678516228748	0.00625403767325063	0.0198807989529593	0.00773033593790456	0.0164986226022749	0	0.000753012048192771	0.00600291806806705	0.0016548735845134	0.0108282070657286	0.0111387208275891	0	0.00421496311907271	0.00427551505976308	0.00251734206240939	0.0220696911305662	0.010356666962764	0	0.0166666666666667	0.00781058111762734	0	0	0.00972061744787443	0.0240409216513514	0.00352941176470588	0.00721133589335383	0.000909918107370337	0
AC>GA	0.00290241234546023	0.00715794875607591	0.0110170237501912	0.00266288042408944	0.0044464584675482	0.00845283018867925	0.00251184397636893	0.00330395794626354	0	0	0.0193164933135215	0.0018983057372163	0.00670382043746224	0.00471232855731618	6.04410237438002e-05	1.44237000960139e-13	0	0	0.00798333911836168	0	0.00155683761111858	0	0.0143574893170537	0.0171691463408701	0.00211416490486258	0	0.0109890122359023	0.0206433450888095	0.00959815449826361	0.0145586553444926	0.0101377199693956	0.0176477828118942	3.46674247156944e-10	0.00398860398860399	0.00290561964746152	0.012995762399404	1.98794501824739e-06	0	0.0159172710793866	0	0.00142879663267711	0.00332005252782659	0.0412765184369679	0.0186915887850467	0.0108191653786708	0.0185535848668765	0.00266770772481309	0.0060330437087196	0.0103553495890252	0.00799116909508228	0.00677710843373494	1.31177603268389e-05	4.06783349672745e-06	0.00622450275021802	0.0213946145304669	0.00696382925929135	0.00737618545837724	0.00828112647119647	0.00591344805188518	0	0.00651223742856773	0.00720720720720721	0	0.00457731873315407	0.0133370040713559	0	0.00879924616200347	0.0157730306889657	0.00588235294117647	0	0.00272975432211101	0.00716926199386341
AC>GG	1.62934798405126e-19	1.03949779491735e-19	0.00240586275630597	0.00189055613109628	0.00833438551759737	0.00030188679245283	0.00182522248038229	0	0	0	0.00148588410104012	0.000751020215357808	0.000949738061585793	0	0	0	0	0	0	0	0.00661985191252833	0	0	0	0	0	0	0	0.00665488889750235	1.33758630335626e-19	0.00325172149961744	0.00742241360201209	5.43526499567429e-09	0	0.000189865356500908	0.0031240712118546	0	0	0	0.00606289084057199	0.0002663488696566	3.16135289445888e-21	0	0	0	0	0	0.00943896228681058	0	0	0	0	0.00134112985880162	0	0	0.00824527734732597	0	0	0.000580599676428799	0	0.00081769742637063	0	0	0	0	0	0.00972061744787443	0	0.00117647058823529	0.0116983892723017	0	0.00478081974709979
AC>GT	1.62934798405126e-19	0.0045784150058839	1.22899724873725e-19	0.00547835585541683	0.0421405464374671	0.00211320754716981	0	0.00156791255990857	0.0143239448552625	0	0	0.000662375049573743	0.000239099593437992	0	0	0	0.003003003003003	0.00674092192980946	0.00242971190558834	0	0.0052903886836524	0.0339340971552916	0	0	0	0.0297459440793947	0.021978026411411	0	0.00430471864929168	0.0067657662966494	0.00631216526396328	0.0149904445852973	1.1123364740312e-14	0.00455840455840456	1.31593914296449e-19	0.00335607081553681	0	0	0	0.00615067242146517	0.000292858707866231	0.00159807615275404	0.00365503628242619	0	0.00231839258114374	5.49181319908197e-08	0.0037472298747841	0.0276066718098744	0.0054356489525436	0.00427390253960565	0.000753012048192771	0	0.00166460634366766	0.00170687369099364	0	0	0	0.00180489532402373	0.00827354538911038	0.00447274811569581	0.0261663176438602	0.0018018018018018	0.0666666666666667	0	0.0267240771734429	0	0.00949500091465357	0.007950122455348	0.00588235294117647	0.0266291467319058	0.00363967242948135	0.00299841169363766
AC>TA	1.62934798405126e-19	0.0110204495294116	0.0160751736048338	0.00410765847838061	0	0.0099622641509434	0.00825054674611967	0.00711966702875361	0	0.0346479661369942	0.0104011887072808	0.00280316686576989	0.00668688081659312	0	5.56821834458487e-05	1.98535740363427e-08	0.00600600600600601	0	0.00937174592155501	0	0.014721595102815	0	0.00274285280787733	0	0.00845665961945032	0	0.0109890093264916	0.0178781198058239	0.00427932602766384	0.0116976486893732	0.015876052027544	0.0178210039459841	0.0135325068309547	0.00113960113960114	0.00981175506839695	0.00869024882517182	0	0.0122644845376171	0.021043094072552	0	0.00309238458067396	0.00420873529234089	0.00897388074377032	0	0.0115919629057187	0.00746958822031048	0.0113782006292682	0.0106653355296646	0	8.00184526840515e-12	0.00225903614457831	0.00575785274672109	0.00517786139355764	0.00757883290329889	0.0446805333542596	0.0243097259896851	0.00632244467860906	0.00674382832681491	0.000882527708387376	0	0.000947896054545162	0.0108108108108108	0	0.00296068755591505	0.0066397637437694	0.0153810882586137	0.0277995366404441	0	0.00705882352941176	0.0104332469659713	0.00454959053685168	0.00115843492874851
AC>TG	1.62934798405126e-19	0.00409433456479632	0.00571721849595589	0.00195182559544549	0	0.0060377358490566	0.0030842435459777	4.94065645841247e-324	0	0	0.00297176820208024	1.79848304658269e-20	0.00279607222202998	0	0.00305342468846806	4.20238875815026e-09	0	0	0.00208261020479	0	0	0	0.0384624890409478	0	0.00634249471458774	0.0194431257618821	0	0.00258841550339372	1.36006339141304e-19	1.33758630335626e-19	0.00937260902830911	0.00834734817419419	0.00133953528921541	0.00056980056980057	0.00490428029402904	0.00107559994857866	0	0	0.00502728682245141	0.00379670705047915	1.76587645265763e-05	0.000858143726905809	0	0.014018691588785	0.00463678516228748	0	0	0.000256009693387939	0	0.0040664283669803	0.00225903614457831	0	7.90713819963075e-09	0.00197598297699631	0	0	0	0.00180489532402373	0	0.00447274811569581	0	0.00900900900900901	0	0	0.00664696512846619	0	0.0183021416968574	0	0.00117647058823529	0.00373230502321489	0.00181983621474067	0
AC>TT	1.62934798405126e-19	0.0121345861493502	0.0216058473216284	0.00535820347847226	0.000196331384972883	0.00890566037735849	0.0139321059100983	0.00411087738960804	0	0	0.00445765230312036	0.00517883014733151	0.010356644734147	0.0097120465044354	0.00399220117059379	0.00268629337130543	0.018018018018018	0.0177826565232384	0.0131898646303367	0.00644814415295399	0.0057998868661227	0	0	0	0.0105708245243129	0	0.0109890083566875	0.0169535004558319	0.0106720483939943	0.00440903847963493	0.0179801071155318	0.0285475179066629	0.00568990866528837	0.0193732193732194	0.00301477714477032	0.0103007328482344	0.00570034318146845	0	0.00466465828667221	0.0108399625305366	0.00429956148321699	0.0101153416957074	0.01648819217763	0.014018691588785	0.00386398763523957	0.00748219027701416	0	0.0118529215310541	0.0109352445375896	0	0.00301204819277108	0.0085038285929184	0.00522779995835106	0.00458143394123396	0	0	0.00632244467860906	0.00115307783001731	1.52168438157494e-10	0	0.000566112540312348	0.0108108108108108	0.0166666666666667	0	0	0.0153810882586137	0.0375245534788494	0.00763114297258403	0.00705882352941176	0.0144226711120263	0.00272975432211101	0.011195115125326
AT>CA	1.62934798405126e-19	0.00497106558220211	0.00744638305872319	9.81479524679341e-106	0	0.00241509433962264	0.00360367466842471	2.2245624213197e-285	0	0	0.00891530460624071	1.79848304658269e-20	0.0033255521008236	0	0.000588061109218429	2.65426675122634e-07	0	0	0.00451232211037834	0	0.00413260722348826	0	0	0	0.00422832980972516	0.0195723079438616	0	0.00354132321377105	1.36006339141304e-19	0.0238361919421343	0.0066947207345065	8.25776940301389e-06	1.76207813844274e-10	0.00227920227920228	0.00346908563380418	0.00581668435209014	0.00735919790956658	0	0	0	0.000346786374401205	4.19212918935632e-19	0.00805647806173837	0	0.00386398763523957	0	0.00519202896933048	0.00607114594729269	0.0109352445375896	0	0.000753012048192771	0.00600291806806705	0.000310323786627278	0.00461786820052019	0	0	0.00210748155953635	0.00231681939634565	0.00787770450934065	0.0132511112588518	0.00387510967880776	0.0018018018018018	0	0	0.00667565885926538	0	0	0	0	0	0.00181983621474067	0
AT>CC	1.62934798405126e-19	3.3132425475207e-14	0.00367955480376207	9.88459048498389e-26	0.00814510741148929	0.00120754716981132	0.00292147806524297	0	0	0	0	0.00109764493013833	0.000289853475432195	0	0	5.90830129804178e-05	0	0	0.00173550850399167	0	0.00567178608876691	0.0169661403614793	0	0	0	0.00991531469313156	0.0329670396171165	0	1.36006339141304e-19	0.0100165423216002	0.0013389441469013	0.00372662931925833	0	0	0.00259637604771491	1.08247751383443e-19	0	0	0.00538230213726939	0.00494150818262661	0	0.000368348514753003	0	0	0	0	0.00537709462880129	0.00566337737208635	0.00562669846801667	0	0.000753012048192771	0	0.000310323091106299	0	0	0	0	0	0.00870899514643198	0.00447274811569581	0.00163539485274126	0	0	0	0.0133656094859598	0	0	0.00801364055045045	0	0	0	0
AT>CG	1.62934798405126e-19	1.03949779491735e-19	1.22899724873725e-19	0	0	0	0.00182524227392546	0	0	0	0	1.79848304658269e-20	0.000881899628615379	0	0	0	0	0.0075404134827116	0.000694203401596668	0	0.00624138671076746	0	0	0	0	0	0	0	1.36006339141304e-19	0.00819551021848995	0.000191277735271614	0.00117738693964279	0	0.00113960113960114	0.0103855041908596	1.08247751383443e-19	0	0	0	0.0197660327289154	2.29903449615922e-21	0.000105242432786572	0	0	0	0.00490570432097582	0.00537709462880129	0	0.00562669846801667	0	0.00150602409638554	0	1.64540422539423e-06	0	0	0	0	0	0.0120474432858976	0	0.0049061845582238	0	0	0	0	0	0	0	0	0	0	0
AT>GA	0.00074081618893802	0.00122408542443397	0.00387045145913585	0.0098930106945425	0.00772679780288958	0.00256603773584906	0.00182526096229167	0.00185295937662108	0.0286569630516815	0.0117367849629963	0.00445765230312036	0.000693274253406906	0.00277930605432165	0	0.00102318840911439	0.00130118024327338	0.00900900900900901	0.00508193920427674	0.00242971190558834	0.00835665163445562	0.0185346604524314	0	0.00827948678452495	0	0	0.00991531469313156	0.021978026411411	0.00539074425373367	0.00572838422626796	0.0238781137599521	0.00191277735271614	0.00980308969970915	0.0043047074414485	0	0.000436815299661196	0.00539263733313878	0	0	0	0.00592686343099181	0.000298314480017319	0.00197994169354736	0.000138855965749265	0.00934579439252336	0.00309119010819165	0.00596712473782774	0	0.0159899517209707	0	0	0.00301204819277108	0.00502221259231017	1.33458799762454e-10	2.41802663912711e-10	0	0	0.00105374077976818	0	0.00263267193125196	0.00884930478417634	0	0	0	0	0	0	0	0.0240409216513514	0.00117647058823529	0.0116983892723017	0.00181983621474067	0
AT>GC	1.62934798405126e-19	0.000503365643269125	0.00159072287392584	0.00770904595407075	0.0083109505568317	0.000754716981132075	0.00182524209937209	0	0.0143313676341403	0	0	1.79848304658269e-20	0.00190235360492427	0	0	0	0	0	0	0	0	0	0	0	0	0.00991531469313156	0.043956052822822	0.00539074425373367	1.36006339141304e-19	0.0145697959439821	0.000573833205814843	0.00150715323545494	0	0	0.00170339311397342	0.00124414648742289	0	0	0	0	2.29903449615922e-21	0.00042096973114629	0	0.00467289719626168	0	0	0	0.016990132116259	0	0	0.00150602409638554	0.00251110626296348	0.000538827181944109	0	0	0	0	0	0.00551569692607359	0.00894549623139162	0.0049061845582238	0	0	0	0.0200484142289396	0	0	0.00801364055045045	0	0.00796482042568857	0	0
AT>TA	4.93686004823526e-19	0.00661063147314364	0.0126904889858814	0.0252989334752669	0.00470753266684821	0.00437735849056604	0.00284033785689781	0.00558828987312263	0.0859890303068174	0.0855142699755531	0.0104011887072808	0.00293693811310619	0.00472924126469628	0.00478410068095796	0	3.27327041214693e-11	0.00600600600600601	0	0.00277681360638667	0.0082989909584055	0.00509904975250058	0	0.0579359965343376	0.0187030018976601	0.00634249471458774	0	0	0.00801343812015333	0.0104646444118509	0.0282116927406714	0.00592960979342004	0.0150680500493674	0.00122366241750335	0.00170940170940171	0.00821902014470964	0.0071592339332008	0.0065801285674609	0	0.0156346554410612	0	0.0016596059541942	0.00189570602089347	0.0104321693224726	0	0.0123647604327666	8.95704423945512e-06	0.022043826720503	0.0180737600570098	0.00457571418025525	0.00152502147674408	0.00451807228915663	0.00229789203019183	0.00204711605153248	0.0158044618532328	0	0.00739187137771002	0.0136986301369863	9.56338673263881e-06	0.00148324854608513	0.0656771204869496	0.00255510447653831	0.00720720720720721	0.0166666666666667	0	0.0333854445433807	0.0616698613655146	0.0477017136055933	0.055841486734107	0.00117647058823529	0.0475405183213676	0.000909918107370337	0.00408938660782356
CC>AA	1.62934798405126e-19	0.289645700935609	0.0315098549046329	1.30297679789289e-13	0.0113130242284954	0.158037735849057	0.0701466344172645	0.0987803816398285	0.07080825690665	0.0391062565783257	0.194650817236256	0.573136925621805	0.145162555289445	0.0454689505987488	0.00298933090888452	0.000130987061178167	0.207207207207207	0.139816175260109	0.155848663658452	0.166627370655583	0.000278490377610906	0.0166951566962139	0.00921041882949945	0.0104794624911865	0.321353065539112	6.71391988528278e-05	0	1.06147516667992e-05	0.0404048749450646	0.05047065883359	0.161438408569243	4.15053155452939e-10	0.0971310623856105	0.00512820512820513	0.0730636065423457	0.102848680787617	0.0887821668135987	0.0332372740941317	0.0354103661062551	0.000537787761432046	0.622056858775761	0.283076806588198	0.0128171928576179	0.196261682242991	0.0896445131375579	0.0694783417687098	0.0432980647341663	0.0185448023153619	0.0487502049710685	0.0816821281187901	0.0978915662650602	0.159947843959523	0.401418394493908	0.0775034233964739	0.0394540765853213	0.0390990765766452	0.151738672286617	0.0153304675967449	1.42868402182171e-07	0.00892951630218244	2.78039976078176e-05	0.16036036036036	0.0333333333333333	0.0291269569043474	0.0057276626916389	0.0301951100407615	1.18685903961743e-10	6.7335349882004e-09	0.307058823529412	1.01712406194147e-17	0.332120109190173	0.0149620704597949
CC>AG	0.00198024305011721	0.0649531305239631	0.0265272983276763	0.0015891848397128	0.0289972303038969	0.0416603773584905	0.0452460073940289	0.0249845879462354	0.014105812172411	6.75995600797636e-05	0.0490341753343239	0.0631851731307161	0.0230299540438769	0.0160157112789501	0.0390162960438084	0.0299591841887493	0.027027027027027	0.045572466377926	0.0475529330093717	1.15627806475406e-08	0.000730385670551201	0.0168860316320584	0.000951183541961761	0.000439199251842542	0.0380549682875264	0	0.0109889957492153	0.042681154295732	0.0201596864766687	0.0200261918637974	0.0319433817903596	0.000261678473373457	0.0184065726537552	0.00284900284900285	0.0122191033520534	0.0297453220628984	0.00264483692303049	0.0158580853263277	9.7716732013239e-06	0.0248209974792846	0.0725468633308473	0.0304397407672538	0.00687765789220692	0.0280373831775701	0.0255023183925811	2.3248973785468e-06	0.00145137829460159	4.98969566912394e-07	0.0147448416886331	0.0197978387652865	0.0218373493975904	0.0398230330780176	0.0601002591987885	0.00413854131717222	0.00747980097014297	0.0371018527960482	0.035827186512118	0.000153831808717349	3.69303297134895e-16	7.6595672827183e-08	3.78433621668072e-26	0.0414414414414414	0	8.34613803472306e-80	0	0.030681922240694	0	0	0.04	5.90542976973273e-15	0.0627843494085532	9.44593588431331e-06
CC>AT	0.0562895988040821	0.0744632138142367	0.0257023589661813	0.00434449162465607	0.0228244548420423	0.0535849056603774	0.0396660835520185	0.0172316592086714	0.0140392051353531	0.00841484294999192	0.0668647845468053	0.103984729769901	0.0474018920075687	0.0204706811108137	0.00655424865323704	0.0086362926464457	0.042042042042042	0.0414857141449972	0.0600485942381118	2.86403273396952e-05	0.0320957041111749	0.0338334460275121	0.0674684928159624	0.0406966685360464	0.06553911205074	0.0158055683643107	0.0439560227589013	0.0172209417760204	0.0245994473914146	0.016326613084806	0.0679035960214231	0.000365030523731082	0.00765250521943792	0.0330484330484331	0.0196257511949809	0.0520930520311609	0.0200360340110297	0.027804077944405	1.14218199184999e-09	0.0147547698929853	0.0932649905560785	0.0487582395322247	0.0629549311035335	0.0607476635514019	0.0309119010819165	0.00856216260081913	0.0284661310981983	0.023447330717707	0.0255624746264551	0.037468873168421	0.0534638554216867	0.0344338011110447	0.0817022177135832	0.0545040013289006	0.0246207289614238	0.0723504799197683	0.0727081138040042	7.36176332581532e-06	7.2217618743043e-07	1.23813058160279e-13	0.00602079702357123	0.0594594594594595	0.0333333333333333	0.0882902777946801	0.0198107548597748	0	0.0308396336461747	0.00541941043420434	0.06	1.49390001079459e-08	0.0764331210191083	0.0646853153459937
CC>GA	1.62934798405126e-19	0.024261857604871	0.00530063601928607	0.00124307458840502	0.000406402451657557	0.0155471698113208	0.0134137740905945	0.00853831217410909	0.0142502985118067	0.0208599281813776	0.0133729569093611	0.0210492442763492	0.00689727697783256	0.00090102963748143	3.48301295189841e-06	3.41325885302571e-05	0.003003003003003	0	0.0152724748351267	0	0.00312477224172582	0.0508808588661094	0.00875150512636358	0.0247766953866658	0.025369978858351	0	0	0	0.00662309985940714	0.0124484381676775	0.00956388676358072	0.00807933060972147	4.50883240524044e-12	0.00113960113960114	0.000392563434985278	0.0107179117267998	7.9128848615551e-05	0	0.00496600639861731	0.00590284073044007	0.0179130263304913	0.0155359458033791	0.0048103648420664	0.00934579439252336	0.00927357032457496	0.000896163034723877	0	0.00367417469327621	0.0104851224074545	0.00545575309782244	0.00978915662650602	0	0.0186897516648826	0.00637203961465174	0.00961060039804676	0.0146412093887344	0.0168598524762908	1.33663255024464e-07	2.55755876913384e-12	0.00224095618957965	0.000611920922338727	0.0054054054054054	0	0.00538563432736418	0	0.0154029260389074	0	0	0.02	0	0.0263876251137398	2.14351291128058e-05
CC>GG	0.00122439060154643	0.00641740477130822	0.00777335867470005	0.00396131918990997	0	0.00332075471698113	0.00499848399011591	0.00179103543278808	0	0	0.00148588410104012	0.00262057040705004	0.0015825527842509	0	0	0.000129493301594111	0	0.0075404134827116	0.00659493231516834	0	0.00290810812213412	0	0	0	0	0.0396612587725262	0	0.016172232761201	0.00313605256738179	0.00295782750312077	0.00248661055853099	0.00287234833669224	0.00123782579551073	0	0.00689322127736802	0.00383156272950368	0.00300159324592899	0	0.0103084172704636	0.00253688505573068	0.00123730439520606	0.00327359590371258	0.00477105726851356	0.00934579439252336	0.00386398763523957	3.63902872233911e-11	0	0.002579010627993	0	0	0.000753012048192771	0.00278822500279662	0.00611862119800836	0.00259972830697436	0	0	0.00316122233930453	0.000977940597492495	4.19726078794582e-16	0	0	0	0.0166666666666667	0	0	0	0	0	0.00470588235294118	0.00695549655892699	0.000909918107370337	0
CC>GT	0.0335885351133505	1.03949779491735e-19	0.00246883417769013	0.00158003616602178	0.0066041670981942	0.00860377358490566	0.0105646823926782	0.00330118454185758	0	0.0102183055613428	0.0163447251114413	0.00465765332862119	0.00504375220914404	0	4.13605826530745e-05	0.000963008574717958	0.003003003003003	0.00674092192998844	0.01041305102395	0	0	0.01695099651586	0.00129847266049516	0.00665934625519399	0	0.00991531469313156	0	0	0.0332962610280661	0.0129583322906962	0.00726855394032135	0.00757083231973821	0.00305021641540275	0.0176638176638177	0.00609713021808084	0.00543664097803463	0.00223210103424661	0	0.0103038490298733	0	0.00283167310874142	0.0060064075803242	3.28449064124931e-08	0.00467289719626168	0.00231839258114374	0.000727804462517441	0.0106438356291915	0.00666218149787635	0	0.00205326738315834	0.00903614457831325	0.00198128878138337	0.00405547124897466	0.023989309358437	0	0.0147837427554199	0.00421496311907271	1.29367579677778e-14	1.34842045122767e-14	0	0.00117933421105585	0.00720720720720721	0.0333333333333333	0.0156211622352547	0	0	0	0	0.0105882352941176	0	0.00727934485896269	0.0221872022036082
CC>TA	0.0610497721235908	0.0118970483660212	1.22899724873725e-19	0.00156146386107288	0.0108194446061893	0.00981132075471698	0.00953657028204464	0	0	0.00990843850228726	0.0208023774145617	0.0212426821862282	0.00139494640083825	0.0107931835334127	0.00715963085626998	0.00749266283143888	0.0540540540540541	0.0760390446612986	0.0131898646303367	0.00637934894240131	1.78705231967118e-07	0	3.53323287749915e-05	0.0156221506459851	0.0274841437632135	0	0	0.0148712248584601	0.0150201072856176	0.00142954291375797	0.0126243305279265	0.000356749207776329	0.00974307867076931	0.0188034188034188	0.00795188942051608	0.00869810167031505	0.0059975546695104	0	0.00414134884112583	0	0.0173003482306235	0.013672517247647	0.0281590438342558	0	0.00927357032457496	0.0031132085957939	0.012189737692012	0.000582592803226245	0.0161145944368313	0	0.0112951807228916	0.0369573798578208	0.0248781146651615	0.0392643211159463	0	0.0143559739031321	0.0105374077976818	0.00234635789086437	0.0217676091917726	0.0167411322400134	0.0287770678493954	0.0162162162162162	0.0166666666666667	0.0377920981593151	0	0	0	0	0.0188235294117647	3.80002096367469e-10	0.0127388535031847	0.0659435880430059
CC>TG	0.0108157890273269	0.00360983939145935	0.00960684829453275	0.0018212545306448	0.0143585638389494	0.00633962264150943	0.00681308925417267	0.00419720289954468	0	0	0.0193164933135215	0.00372265926804502	0.00344452889477976	0	0.00742786432452342	0.00508422741780088	0.00600600600600601	0.0210256982146217	0.00520652551197501	0	0	0.0169600843893727	0.0163151794899677	0.0277486883739696	0.0126849894291755	0.00913984699588861	0	0.010623965523534	0.0210281501998646	0.00255235237341945	0.0053557765876052	0.0106547568626869	0.00032955527106576	0.0056980056980057	0.00339061039624758	0.00593893335174777	0.0121327484557734	0.00399736763791207	0	0.0045051909301728	0.0017767876703764	0.00311854423639887	0.0126885426039508	0.00467289719626168	0.00154559505409583	1.65578844893455e-05	0.0042937088099113	0.00305101126427778	0	0	0.000753012048192771	0.00901523090444144	0.00601678634504235	0.0137829819583889	0	0	0.00316122233930453	7.10498002811895e-09	5.08743738329352e-08	0	0	0.0108108108108108	0.0333333333333333	0	0	0	0	0	0.00352941176470588	0	0.0100090991810737	0.0137437893949474
CC>TT	0.266345840314821	1.03949779491735e-19	1.22899724873725e-19	4.52772095231265e-48	0.0208877191618685	0.0170566037735849	0.0185306391279711	0.00176027339015585	0.0285776646023821	0.0328738026216829	0.0297176820208024	0.0133014839057421	0.0182688028222821	0.000172825226269142	2.66259231784075e-08	0.00946950776826602	0.0570570570570571	0.188430079941053	0.0180492884415134	0.040800976301407	1.75931475173299e-09	0.0339068408182489	1.33993776481e-07	0.0141622699698558	0.0211416490486258	0.0284539816809286	0.0219780167133751	3.95182218246526e-05	0.105984568586742	0.0347349802298437	0.0177888293802601	0.0188371483536698	0.000547691825036398	0.682621082621083	0.0180245800492361	0.0272176959041858	1.46614440608414e-12	0.00217379997351426	0.0073254083667385	9.52842876997987e-10	0.00860930044138619	0.0253355727121059	0.0284607648536197	0.0186915887850467	0.0123647604327666	0.0142349119588386	0	0.0197222372675434	0.0158569972979233	9.50044220964996e-06	0.0474397590361446	0.0281289341431328	0.010839203465668	0.29209227361527	1.43338787840682e-05	0.0817380614582574	0.0221285563751317	0.0092603141872625	0.00634562560533939	0.00695432727653992	0.0163577225012327	0.00900900900900901	0.0166666666666667	0.0844901431566508	0.0133298389933783	0.0462378618149883	0.105802382383447	0	0.0352941176470588	0.0321099702685811	0.0327570518653321	0.211545249911306
CG>AT	0.000559146749490669	1.03949779491735e-19	1.22899724873725e-19	0	0	0.00166037735849057	0.00366360578186304	0	0	0	0.00148588410104012	0.00213643585889398	2.32142747476013e-20	0	0.00240486281786769	0.000578035276723648	0	0	0.000347101700798334	0	0	0	0.00973673726721256	0	0	0	0	0.0107814885074673	0.00233646113331829	1.33758630335626e-19	0.000382555470543229	0.00328987066568194	0.00418289454730891	0.00056980056980057	0.00104982328199882	0.00206221245882131	0	0	0	0	0.00147560370237161	0.00305274059146844	0.000392723546324367	0	0	0.00245285216048791	0	0	0	0.00447758934436016	0.00451807228915663	0.000923450175089561	0.0028297723338166	1.0811125130101e-12	0	0	0.00105374077976818	0.00322731972981599	0.000448653183757535	0	0	0.0036036036036036	0	0.00619394992320431	0	0	0	0	0.00352941176470588	0	0.00272975432211101	0
CG>GC	1.62934798405126e-19	0	0.000566085354424934	0	0	0.000150943396226415	0	0.00107742625754476	0	0	0.00297176820208024	2.63037644885549e-05	0.000407030597822483	0	0	0.00018547857398969	0	0	0	0	0	0	0	0	0	0	0	0	0	0.000455306123249441	0.000956388676358072	0	0	0	0	0	0	0	0	0	0.000194557045803154	0.000887882864261941	0	0	0	0.00245285216048791	0	0	0	0	0	0	0.00089408657253441	0	0	0	0	0	0	0.00447274811569581	0	0.0018018018018018	0	0	0	0	0	0	0	0	0.000909918107370337	0
CG>GT	1.62934798405126e-19	0.00261692293645217	0.00179414728921454	0.00200510530944126	0	0.00030188679245283	0	0	0	0	0	0.00132872807332535	0.00057670133562447	0	0.00278948161344785	0.00600047120325045	0	0	0.000347101700798334	0	0	0	0	0	0	0	0.0109890132057055	0.0107814885074673	1.36006339141304e-19	1.53168002757965e-08	0.0013389441469013	0.000168702951981836	0	0	0.00111273259187782	0.000539386229389287	0	0	0	0	0.00136652995980475	0.00310768151614021	0.00477475943863821	0	0.00386398763523957	9.24043582722818e-11	0	0	0	0	0	0.00612449681335516	0.00268225971760323	0.00290500260336917	0	0	0	0	0	0	0	0	0	0.00781058111762734	0	0	0	0	0	0.00398241021284428	0.000909918107370337	0
CG>TA	1.62934798405126e-19	0.000964344641254628	0.00165792696781954	0.00994710003051581	0	0.000150943396226415	0.000936989984040913	0	0	0	0	1.79848304658269e-20	0.00114904305763735	0	0	0.00184931827116132	0.00600600600600601	0	0	0	0	0.0169691675667091	0	0	0	0	0	0	0.00100134048570784	1.33758630335626e-19	0.000382555470543229	0.000937648280620988	0	0.00056980056980057	0.000885482753893786	0.000459733730517508	0	0	0	0	0.000145866722730936	3.16135289445888e-21	0	0	0	0	0	0.0471948114340529	0	0	0	0	0.00089408657253441	0	0	0	0	0	0.0907186994419998	0.00894549623139162	0.28455870437698	0.0018018018018018	0	0	0	0.0616916545930996	0	0	0	0.0199120510642214	0	0.00478081974709979
CG>TC	1.62934798405126e-19	0.00202216772380399	0.0010259823968927	0.00197879077266818	0	0.00150943396226415	2.6065064954453e-268	0	0	0	0.00297176820208024	0.00109040296276507	0.00019970904397267	0	0	7.1964917157043e-05	0	0.0075404134827116	0.000347101700798334	0	0	0	0	0	0	0	0.0109890132057055	0	0.000667560323805225	1.33758630335626e-19	0.00210405508798776	5.63015358185482e-06	0.00113044700368614	0	1.31593914296449e-19	0.00080907934408393	0	0	0	0	0.000798898442722328	0.00986692330827021	0	0	0	0.00245285216048791	0	0	0	0	0	0	0.00536451943520646	0	0	0	0.00737618545837724	0	3.83278102463943e-12	0.00827562480705942	0.00177907725529148	0	0	0	0	0	0.00972061744787443	0	0.00235294117647059	0.00347774919747628	0.000909918107370337	0.00433651746670823
CG>TT	0.00183583842808453	1.03949779491735e-19	0.00864066802800271	0.00345943893764871	0	0.00437735849056604	0.0174272981482647	0.0037964209532091	0	0	0.00148588410104012	0.00246761213884358	0.00453130665748598	0	0.00535991227262214	0.000385611774081989	0	0	0.00728913571676501	0	0.00237013796265408	0	0.00479074042626552	0	0.0105708245243129	0	0.0109890083566875	0.00614231213215982	0.00100134048570784	0.000252257298967234	0.00306044376434583	6.65591711605048e-05	0	0	0.00147628459053382	0.00450139913026456	0.0127488757871676	0	0	0	0.0018660467754009	0.0149673238257139	2.4120843493625e-06	0	0.00309119010819165	0.00270932614627415	0	0	0	0	0.00602409638554217	0.00196502829623221	0.00891154838241347	0	0	0	0.00105374077976818	0.00426665750600501	0.00742506134242778	0	0.00882347721290268	0.0018018018018018	0	0	0	0.0308421955668295	0	0	0.0117647058823529	0.00243034152953912	0.00363967242948135	0.00194092049340165
CT>AA	0.00630458620291594	0.0241793746898218	0.0432226483707135	4.73514610866551e-136	5.0390867004245e-09	0.0365283018867925	0.0360318312987228	0.308727229203474	0	0.0278807954639749	0.0297176820208024	0.0115967705279367	0.0127680138356923	0.0129134804700358	0.483293437886761	0.229505859023611	0.00600600600600601	0.0210256982146255	0.01666088163832	0.119865453318477	0	0	0.0382229775671706	0.131735956175258	0.0232558139534884	0	0	0.0329809344368428	0.0268832152082719	0.00933317182052554	0.018362662586075	0.00582054088481316	0.014579531346403	0.00284900284900285	0.0258424610518231	0.0346929820958762	0.279227165101572	0.0152983317560532	0.040200093853595	0.00162176190202086	0.00774574029115001	0.0626109833717053	1.24559198454326e-05	0.00934579439252336	0.0409582689335394	0.000101046069398035	0.0162679551209387	9.51277795944244e-06	0.0190575120006	3.88832369186118e-14	0.00828313253012048	0.0984584727997162	0.0292512280446746	0.0262534595438288	0.111261516141503	0.0149262230622895	0.0242360379346681	0.0132819549516925	0.0112623046754142	0.0199910637586421	0.00638650424109422	0.0306306306306306	0	2.21512864284776e-53	0.026609435086463	0.0461505491947961	0.0349588574512417	0	0.0176470588235294	1.18166952598174e-06	0.0191082802547771	0.00868086069837118
CT>AC	3.80734562693577e-16	0.00619917916691319	0.0126899732165687	0.0189158606651912	0.022402992180999	0.0117735849056604	0.0303102292490662	0.0418697201446317	0.0429421226525589	0	0.00594353640416047	0.0090074993439644	0.00457886962882424	0	0.151966470042522	0.419472091692214	0.042042042042042	1.69718618366909e-09	0.00590072891357168	0.121638432174979	0.0232577449546526	0.0169588729446811	0.0158270508359459	0.0177840671781608	0.0105708245243129	0	0.0109890083566875	0.211032675628453	0.00556277661523247	0.0173356535000732	0.00975516449885234	0.0152438457341089	3.36272149694961e-06	0.00056980056980057	0.0361605534922695	0.0101341385335508	0.0519654346872595	0.0114201478626745	0.0405019019677233	0.0381508191302549	0.00257538930814755	0.00659447400048188	0.00984139610981999	0.0233644859813084	0.0502318392581144	4.50817606594067e-08	0.0292426152656886	0.00656356909206278	0.0239058188170571	6.84425162415663e-10	0.00828313253012048	0.11089015099062	0.00385912936697572	0.00736621375463555	0	0	0.00421496311907271	7.43238130697122e-05	0.0380989120866372	0.0128809272242791	0.0215579561611689	0.0036036036036036	0	0.0140045310401429	0.0333997384862017	0.015410197601037	0	0.0239139147560076	0.00117647058823529	0.0395756693243783	0.00545950864422202	0.00392268840977133
CT>AG	1.62934798405126e-19	0.0107951330465685	0.0224464070030013	0.00645512246752619	0.0107365556244409	0.0140377358490566	0.0145762305720546	0.02038396959017	0.0142585957748861	0.0583842969142661	0.00891530460624071	3.67243416574849e-16	0.00853960055792384	0	0.0233561623501635	0.0255481593708629	0.018018018018018	0.000437350987486952	0.0173550850399167	0	0.0500939626179619	0	0.0277310100496257	0.0241576307572378	0.00422832980972516	0.0394029511830175	0	0.00893905990300992	0.015667679999489	0.00732790700327013	0.00363427697016067	0.00759915565448956	8.10360734086891e-05	0	0.0435760411564099	0.0168295986410508	0.0202331790842548	0.0195462205211005	0.0733805460554268	0.0280414324286371	0.00330003436244905	0.0151568496728932	0	0.0327102803738318	0.0123647604327666	0.0239521605900424	0.0697119887645645	0.0121661385269161	0.0327418239378078	0.0177694441798092	0.00225903614457831	0.0145839797356715	0.0080256133129004	0.00707110974231059	0.010886868290486	0.00781895085917574	0.0273972602739726	2.21821007703117e-06	0.100964341409398	0	0.0586449231315545	0.0144144144144144	0.0166666666666667	0.00915463746630815	0	0.061640790404148	0	0	0.0105882352941176	1.94049009776903e-06	0.00636942675159236	0.0091133542819639
CT>GA	0.0011133545990034	0.00951608340613641	0.00461660492748755	0.00186718248530641	0	0.00407547169811321	0.00547806200998081	0.0207296412555888	0	0.0113612659274582	0.00445765230312036	0.000240121953836192	0.00305272948366862	0.00738818166845192	0.0195849008711115	0.00861181892426327	0.012012012012012	0	0.00173550850399167	0	0	0	0	0	0	0	0.0109890132057055	0.00539074425373367	0.00592916913187673	0.00567383148586737	0.00172149961744453	0.0025689505995728	0	0.00170940170940171	1.31593914296449e-19	0.00323631737633572	0.00847493460451519	0.00417727524273239	0.00549528118315546	0.00615168245245926	0.000567372940988935	0.00342157583284104	4.27911093798018e-08	0	0.00154559505409583	0	0	0.00330073431751133	0	0.0128246728025181	0.00451807228915663	0.0106005723293901	0.00355892906491968	0.00324928518570419	0	0.00739187137771002	0	0.00180489532402373	0.000435449757321599	0	0	0.0018018018018018	0	0.00700226552007144	0	0	0	0	0.00588235294117647	0	0.00181983621474067	0.00705994067592606
CT>GC	0.0021105489227114	0.00114137426047829	0.00197750138599155	0.00969257958915885	0.00796421094335091	0.00256603773584906	0.00495457110490792	0.00185295937662108	0	0.0117367849629963	0.00297176820208024	0.000370093756509411	0.00251977658696954	0	0.00476033989553036	0.00615271885831469	0	0	0.00208261020479	0	0.0121036042945324	0	0	0.00914753260451731	0.00211416490486258	0	0.0109890122359023	0.00986139221040221	0.00586871681702526	0.0178172960179469	0.00210405508798776	1.35903331638159e-10	0	0.00170940170940171	0.00788381703122591	0.00247248387741199	0.00827745299092339	0	0.010273023351579	0.00186219453077073	0.000926221262126571	0.000858837084320992	0	0	0.00386398763523957	5.60973316946725e-08	0	0.0132060663173102	0.0109352445375896	0.00413607393772686	0	0.00306224840667758	0.00178817314506882	0.00290500260336917	0	0	0.00105374077976818	0.00413090537518743	0.000126193056845984	0.00881129764870138	0	0.0036036036036036	0	0.00619394992320431	0.0333997384862017	0	0	0	0.00117647058823529	0.00373230502329011	0.00272975432211101	0.000896872073603488
CT>GG	0.00426543530871518	0.00263151724117121	0.00898682630716867	0.00244995427807883	0.0150713081015993	0.0049811320754717	0.0136825731676128	0.00189693590574175	0	0.011134766809147	0	0.000860385895425709	0.00105965772917117	0	0.00116361644845238	0.000518282563815076	0	0	0.00485942381117667	0.00795083027159571	0.02382764041099	0	0.00656240929177395	0.00832756514741189	0	0.00991531469313156	0	0	0.00934584453276087	0.00565019699576735	0.000956388676358072	0.00141201570420788	0.000928688185735145	0	0.00612242458501269	0.00318556952176588	0.0033049416439637	0	0.00473814106092873	0	0.00112301503933115	0.00124324814899883	0	0.00934579439252336	0.00154559505409583	0.00343832032528538	0.00967313778844158	0.00318328012456756	0	0.0088201161214397	0.00150602409638554	0	0.00108517037183669	0	0	0.00796113498479631	0.00210748155953635	0.00306717341556897	1.51706934313884e-08	0	0	0.00900900900900901	0.0166666666666667	0.00376900314176403	0	0.0153883713841637	0	0	0	0.00398241021284428	0.00636942675159236	5.53137463438671e-08
CT>TA	0.0430641909052571	1.03949779491735e-19	0.0183542203547285	0.00261864176354889	0	0.0135849056603774	0.0238948154206654	0.0174571963919771	0	0	0.0163447251114413	0.00651879146020545	0.00926577324169496	0	0.0272671255259471	0.00697453086425114	0.015015015015015	0.0412494605480919	0.0131898646303367	0.0153147767181722	6.99926324168115e-07	0	3.98084502112979e-05	0	0.0147991543340381	0.00901045695831309	0.0109890064170788	0.00968580225886801	0.0186737439549193	0.0139303962605622	0.00841622035195103	0.0206538423867901	0.0147245516386395	0.0216524216524217	0.0143503133467604	0.00889433625566687	0.0104181302522531	0.0121211585862867	0	7.17928407084354e-08	0.00470849528581209	0.019039568382305	0.00906490553571765	0.0186915887850467	0.0100463678516229	0.00444783055236884	0.00902463133230303	0.00725895705113639	0	0.00328016488432632	0.0158132530120482	0.0115379111584623	0.0155570827634453	0.00163051171724526	0	0.046486968046589	0.00842992623814542	0.00216097319957295	0.00099659569211469	0.00338729958608621	0.00292297917457489	0.00900900900900901	0	0.0367301900753524	0.00664696512846619	0	0.00855936556861307	0.023723183292273	0.00823529411764706	0.00606114262728185	0.0172884440400364	0.0291175927568422
CT>TC	0.00454149148459212	4.31307917496265e-14	0.00953047263701757	0.0111006017850507	0.00702386442359193	0.00679245283018868	0.0096542695710332	0.00167847054886829	0.0286338607267833	0.0106787876174869	0.00891530460624071	0.000869298887548293	0.00870257405983709	0	0.00960239162779841	0.000168812385322617	0	0.0452424808962696	0.00971884762235335	0.0159016605378954	6.01072583812401e-05	0.0339213801608154	0.0331179471379599	0.00687074143609072	0.00422832980972516	0.00965696415928852	0.0659340772946269	0	0.0113569816826204	0.0116946636878577	0.0066947207345065	0.00392927835548318	0.015459306872033	0.00854700854700855	0.0730751710286002	0.0070927066485246	0.0652662300185667	0.0103602406414447	0.155906585106347	0.0509576440635361	0.0011498113850034	0.00732551113850905	0.000655403259647641	0	0.0139103554868624	0.0399943829038657	0.10116540639539	0.0281230563246495	0.0438687064621226	0.00968314598453894	0.00753012048192771	0.0164181246629917	0.00677937463046809	2.16561001762997e-18	0	0.00682088545870059	0.0115911485774499	0.00451932416988035	0.00757095108105775	0.0436705140765708	0.00274734136553857	0	0.0166666666666667	0.00781058111762734	0.0200484142289396	0	0.0194412348957489	0.0240409216513514	0.00705882352941176	0.0582423864407508	0.00636942675159236	0.00707567790129778
CT>TG	0.00280768000127251	0.0102561727961333	0.00641580587357303	0.00183610967471375	0.0654985389432051	0.00543396226415094	0.0027996827696682	0.0077002251864715	0	0.0357710593454467	0.00742942050520059	0.00118179655086524	0.00622060182234332	0	0.00213806102608831	3.82582393257262e-05	0	0.0075404134827116	0.00728913571676501	0.00753901664050647	0.00923655032316975	0.0508947880012353	0	0.0173743401863921	0.00211416490486258	0.00978615397193079	0.0109890122359023	0	0.0116823056665914	0.00549214902071685	0.00153022188217292	0.00421781604792272	0	0.00170940170940171	0.00132453287412514	0.00673176287764934	0	0	0.0051074131848908	0	0.00197239621156712	0.00441852913940398	1.26980383009155e-10	0	0.00695517774343122	0.0121226106584092	0.00504137039986099	0.00370970964097248	0	1.14402498026923e-06	0.00677710843373494	1.5172601915638e-05	0.0067619603813723	0.00435419629838659	0	0.00696382925928162	0.00316122233930453	0.00128537204038922	0.0470923367018438	0	0.0461926861095439	0.0198198198198198	0	8.84450153682182e-16	0	0.0307694606125991	0	0.0073095763814924	0.00235294117647059	0.00347775079778057	0.00636942675159236	0.00292041669860555
GC>AA	0.0150118776951999	0.0474112361437711	0.0564202921738647	0.00567104151047961	0.0375642447977762	0.0550943396226415	0.0645269341933543	0.0355107679355336	0.0283682542160137	0.0604208030967905	0.0356612184249629	0.0196955715141746	0.135326872345744	0.000910966062697249	6.76227197582944e-06	2.99167890856186e-05	0.039039039039039	0.0193162539864812	0.0499826449149601	0.0353473801726557	0.0165367904177397	0	0.0342500543199462	0.0134180830969333	0.0676532769556025	0	0.0219779953776576	0.0512473450687804	0.0539801052324556	0.0120935612201891	0.0432287681713848	0.0443480661760333	0.016098830848811	0.00740740740740741	0.0304373585452893	0.0668250882827642	1.40769099673409e-05	0.00991266145088116	0.0052710207599156	0.00434130089976229	0.0125722549158028	0.0211201489405307	0.114793182995843	0.0467289719626168	0.0525502318392581	0.0186637087369919	0.0435026773504807	1.45156619710851e-05	0.0237033879239091	0.0950126831852163	0.218373493975904	3.8927293756085e-10	6.64993735528273e-12	7.7036110254765e-06	0.024977748427162	0.000108265856986179	0.0453108535300316	0.000290234402469625	1.50009667373057e-08	0.0138147827010308	3.0121317218948e-07	0.0738738738738739	0.0166666666666667	2.97815635198422e-09	0	0.0151235983150178	0.0265620133641258	0.00101128287406947	0.0635294117647059	6.91263406659652e-06	0.0291173794358508	0.0476744863619316
GC>AG	0.00794862556396458	0.0483430222825975	0.0130215718285785	0.00229099799281453	0.0533329439638566	0.0273207547169811	0.0322020000654929	0.013363646019399	0.0285213383846371	0	0.0133729569093611	0.00251516984428823	0.0189679611041746	0.0258347162777024	0.00283039267383694	0.00621637654172789	0.012012012012012	0.00406865867230151	0.023950017355085	0.000621635446631609	0.0331959896888478	0	0.0430724782798548	0.0319690078196636	0.0147991543340381	0.00901045694317371	0.021978019622787	0.00968567799988784	0.0597857255931438	0.0138791250497059	0.0269701606732976	0.0509066151378552	7.72079755684949e-05	0.00284900284900285	0.00497250239729745	0.0222717197847563	1.26063345158324e-05	0.00775005662270565	0.00360439341088329	0.00357084177884566	0.00346726115014315	0.0059988540578846	0.0194392674117574	0.0373831775700935	0.0185471406491499	0.00932564853117736	0.00155732661153931	0.00557189316116491	0	0.0323874202616105	0.0271084337349398	8.74469603626685e-06	1.20085428755721e-11	5.58414786565547e-05	0.0517727085542993	0.000840739808376873	0.00842992623814542	0.00279415140074797	0.000435812654697626	0.00847430988370695	0	0.0288288288288288	0	3.87271455184507e-48	0	0	0.0156033636178178	0.0150056989433029	0.0164705882352941	1.88072109732115e-06	0.0127388535031847	0.011133348819738
GC>AT	0.00146018523028899	0.0158683105690057	0.020252377495036	0.00684365368654971	1.57574581246136e-05	0.0161509433962264	0.0232930423687291	0.0124816333483118	0	0.0207062403820072	0.00742942050520059	0.00644070504354166	0.0282670619613143	1.47902240467869e-10	4.39531688715102e-07	0.00348127634782564	0.00600600600600601	0.03610899016255	0.0107601527247484	0.00693547797084833	0.00727668181999647	0.0339195630720572	0.0013339645335323	0.0163459665148548	0.00845665961945032	0.019313928318577	0.0219780225321979	0.0340542523091699	0.0617617506722105	5.20338466170968e-06	0.035195103289977	0.0390678685296853	0.00319950590653585	0.00170940170940171	7.75310814724113e-05	0.018844544753642	0	0.00372448111353588	0	0.00598335333500645	0.00452273034725828	0.00461934780025583	0.0260704772187732	0.00467289719626168	0.0146831530139104	0.00294225285576608	0.0302887934489996	0.0306601702634512	0.00435399425622074	0.0144526038994908	0.026355421686747	2.09215963939142e-06	0.0011997868770653	0.00459185963927409	0.00658795080225171	0.0114846348318111	0.00948366701791359	3.41318195616933e-05	0.00364201130126138	0.00393667137865247	0.00637369221598068	0.0054054054054054	0.05	0.028817377677622	0	0	0.00903475694592943	0.00782281661233733	0.0211764705882353	0.0147983165334695	0.00909918107370337	0.00394415267059404
GC>CA	0.00978927729243394	1.03949779491735e-19	0.0141616370864307	0.00227632021490928	0.00595364122551272	0.0122264150943396	0.0110859987036389	0.00723809999780046	0	0.00928042399398708	0.00148588410104012	0.00234541621405738	0.00640550610534206	0.0133335489342166	0.00494071143243168	0.00510041296518724	0.024024024024024	0	0.00381811870878167	0	0.0243968901273575	0	0.00730152032871303	0.00863588581853907	0.00634249471458774	0	0	0.00258717793829234	0.00982147591202717	0.00335319283861063	0.0114766641162969	0.0232182965491887	0.00203769075077827	0	0.00716443400674337	0.00579220473055194	0.00198250621291125	0.00388652761595176	0	0.00244301283227552	0.00171467984898055	0.00649746520730257	0.0163292780872904	0.00467289719626168	0.0100463678516229	0.00524158698191652	2.7203184872643e-07	0.0156405876785965	0	0.0125466641290267	0.0120481927710843	0.00549818605281378	0.00476238390313715	0.000124777726040909	0	0.00595925735004907	0.0115911485774499	1.03141429364055e-07	9.69120660412595e-13	0.00297058609342755	3.07182660075878e-11	0.00900900900900901	0.0166666666666667	0.00376900314176403	0.00664696512846619	0	0.028029050807875	0.015709355196096	0.00235294117647059	0.0074646100465562	0.00909918107370337	0
GC>CG	0.000203452544276731	1.03949779491735e-19	0.000836375831783567	0	0	0.000452830188679245	0	0.00156800523948981	0	0	0	0.000132255072060721	0.000271353731881655	0	0.000762436909832955	0.000858550707694076	0	0	0.000694203401596668	0	0	0	0	0	0	0	0	0	0.00940750227722324	0.00120031913486343	0.000573833205814843	0.0024283273700054	0	0	7.66872891038172e-05	0.00107877245877857	0	0	0	0	7.99046609201577e-05	3.16135289445888e-21	0	0	0	0	0	0.00188779245736212	0	0	0	0	0.00089408657253441	0	0	0	0.00210748155953635	0	0	0	0	0	0	0	0	0	0	0.0160272811009009	0	0.00398241021284428	0	0
GC>TA	1.62934798405126e-19	6.29378617851837e-10	0.00650168416036303	4.09534900924252e-75	0	0.00241509433962264	0.00496432404646419	0.00470399974671449	0	0.0241456463991474	0.00594353640416047	0.000647160755628253	0.00891534245989015	0	7.46137462059462e-09	0.00287130942079888	0.00600600600600601	0.0059275642350806	0.00590072891357168	0	0	0	0	0.00801809720974909	0.00211416490486258	0	0	0	0.00381637407718676	1.33758630335626e-19	0.0131981637337414	0.0128848221411736	1.77779673879265e-05	0	0.000369069223403105	0.00943925901431251	0	0.00825891033890565	0	0.00592476859949408	0.00162830032772172	0.00267498518540365	0	0.00467289719626168	0.0108191653786708	3.27439585773384e-08	0	4.65264180648932e-13	0.00471362097137625	0.0124775237124065	0.0173192771084337	0.0015083972643643	1.70271008138815e-08	5.14287689947776e-12	0	0	0.00948366701791359	1.60831800167885e-09	0.00405930095785683	0	0.00298249724424863	0	0	0	0	0.0154247292760286	0.00972061744787443	0.00801364055045045	0.00588235294117647	0.00213038817203126	0.00272975432211101	0.000846481940158275
TA>AT	4.50237569983416e-06	0.00343840810892195	0.0170615800866736	0.018754953678852	0.004849081150264	0.00935849056603774	0.0237036252174642	0.0190602227629687	0.0859618169210715	0.0100249305743998	0.00594353640416047	0.00316257450946524	0.023139084020231	0.0674322911437764	0.00010165858600882	2.44365120351112e-06	0.021021021021021	3.08709604812358e-05	0.0159666782367234	0	0.00341603067238716	0.0169412975849581	0.0487016279311574	0.00487648722474386	0.00634249471458774	0	0.0109890102962954	0.0134085898544293	0.0223832992599808	0.0304587891656578	0.0195103289977047	0.0171147486266056	0.106981993065448	0.00398860398860399	0.00924142172509327	0.020339098678144	1.20848949980517e-05	0.00767520753851795	0.0146567757348224	0.0077166592635867	0.00226658338711552	0.0115172354569945	0.00402099864414382	0.0420560747663551	0.0123647604327666	0.0399397020955592	0.0220438267201379	0.0786036777969717	0.0158569972979233	0.0244652340727037	0.016566265060241	0.0106731361923668	0.00783258975398969	0.0103719293949615	0.00843002953366838	0.0216052941035771	0.0221285563751317	0.037520668528146	3.09062992820091e-07	0.0867158172680226	0.007332783416626	0.0108108108108108	0.0333333333333333	0.00296068755591505	0.0400539531555923	0.0153810882586137	0.0277995366404345	0.0717417442680227	0.0117647058823529	0.0612248057310939	0.00818926296633303	0.01644700195094
TA>CG	1.62934798405126e-19	0.000951608340613641	0.000260177990196643	0	0	0.00060377358490566	0.00364923076225657	0	0	0	0	0.000387249978600358	0.000914464860762674	0	0	0	0	0	0.00173550850399167	0	0	0.0169661403614793	0	0	0	0.0396612587725262	0	0	0.00236556232051605	0.0048921053143738	0.000382555470543229	0.000123617100147132	0.00858351062800004	0	1.31593914296449e-19	0.00080907934408393	0	0	0.00565001795783853	0.00617215395787638	7.23844831050643e-05	0.000263106081966431	0	0	0	0	0	0.00188779245736212	0	0	0	0.00306224840667758	0.000447043286267205	0	0	0	0	0.00180489532402373	0.00319329822035839	0.00447274811569581	0.00408848713185316	0	0	0	0.0133656094859598	0	0	0	0	0.00796482042568857	0	0
TA>CT	1.62934798405126e-19	0.0060022360930975	0.015814164473085	0.0022416893815378	0.0132647724381044	0.0105660377358491	0.0108786248987658	0.00470372457499931	0	0.071616763903139	0.0074294205052006	0.0011341439041638	0.00943175370123742	0.0479123746448975	0.00427459608191206	0.00509395488653758	0	0	0.0111072544255467	0.00687369953415929	0.0137582232841596	0.0169497844434785	0	0.0162427785893758	0.00211416490486258	0.0197014755915087	0	0	0.0145330359644238	0.0250981247843837	0.013389441469013	0.00910995160615652	0.109333807494244	0.00455840455840456	0.00864000057744857	0.0113732682460324	2.54812550558441e-06	0.00367845063234443	0	0.0328785349633813	0.0012145982801183	0.00970516907016884	0.0107940172423816	0.014018691588785	0.0123647604327666	0.00853075300693477	4.99110511769316e-09	0.0125822015423756	0.0158569972979226	0.0206489862726059	0.0150602409638554	0.00561055348558971	0.00624654054402976	4.71436769404829e-07	0.00869569193073414	0.013641770922375	0.00632244467860906	0.0109047285696852	0.000526188268815766	0.0218326628325329	0.00127797484420292	0.0108108108108108	0.0166666666666667	0	0.0066397637437694	0	0	0.00763114297258382	0.00235294117647059	0.0433093638832145	0.0127388535031847	7.15660492358842e-06
TA>GC	1.62934798405126e-19	1.03949779491735e-19	1.22899724873725e-19	0	0	0	0	0	0	0	0	9.1603131197573e-05	2.32142747476013e-20	0.0086433064603597	0	0.000447757036809927	0	0	0	0	0	0	0	0	0	0.00991531469313156	0	0	1.36006339141304e-19	0.00637428572549218	0.000191277735271614	2.18848244748916e-07	0.00660210834137979	0	0.000370910863959273	1.08247751383443e-19	0	0	0	0	6.91738422962518e-05	0.000438527624146101	0	0	0	0	0	0.00188779245736212	0	0	0	0	0	0	0	0	0	0	0.00217724878660799	0	0	0	0	0	0	0	0	0	0	0.00398241021284428	0	0
TA>GG	1.62934798405126e-19	0.00344958023472445	1.22899724873725e-19	0.00196021580536036	0	0.000452830188679245	0.00182521258360576	0.00430454525524726	0	0.0122587865782162	0	1.79848304658269e-20	0.00271353731073786	0.00768779839846089	0.000615038597917972	0.00258806661565716	0	0	0.00173550850399167	0	0	0	0	0	0	0	0.0109890132057055	0	0.00151826442813182	1.33758630335626e-19	0.00172149961744453	0.00211112901316682	0.00690491672331182	0.00113960113960114	0.00151502008255028	0.00147660991790431	0	0	0.00542115595999718	0.00544752370655789	2.75258294147348e-20	0.00110504554425901	0	0	0.00231839258114374	0.00271306597661294	0	0.00306174356430902	0	0.00875232229426137	0	0	0.00178817314506882	0.00290500260336917	0.0112642817280236	0	0.00105374077976818	0.00153358670774743	0.00466662512762325	0.00433847190539053	0.00719885114074457	0.0036036036036036	0	0	0.00666850203567797	0	0	0	0	0	0	0
TA>GT	1.62934798405126e-19	0.00262731824147376	0.00337593185097555	0.00984263815177446	0	0.00467924528301887	0	0.00342409959530618	0	0.0112103708595493	0.00891530460624071	0.00220009767257261	0.0116050570783055	0.107310760618702	0.000851685355974528	0.00221825521484693	0.00600600600600601	0.0134818438587302	0.00590072891357168	0	0.00333436138339045	0	0	0.00801809720961591	0.00422832980972516	0.00965696415928852	0	0	0.00558275429222508	0.0455467003087646	0.00325172149961744	0.0132204081811748	0.0620779786567007	0.00227920227920228	0.000435566527973903	0.00535587342499625	0	0	0.0110082684124271	0	0.0002432634775303	0.00576042682760144	0.00408979566108426	0.00934579439252336	0.00540958268933539	0.0160012463821475	0.00130610607791546	0.0246524568367776	0	0.00399622719955206	0	0.00612449681335516	0.00357634629013764	0.0116200104134767	0	0	0.00737618545837724	0.00762502302737505	5.49800394795389e-07	0.00352470680053357	0.00155310662266005	0.0018018018018018	0	0.0148128466375566	0	0	0.0289371293793421	0	0.00705882352941176	0.0343449656185762	0.00545950864422202	0
TC>AA	1.62934798405126e-19	0.0637857791423281	0.115782896005611	4.86994704593451e-23	0.0767670290701454	0.0964528301886792	0.0908853460936519	0.0703196107321682	0.0424759203556322	0.0219618473197366	0.0728083209509658	0.0212434765865776	0.135619410365442	0.114945441122196	0.0441459674726915	0.0221763073077398	0.123123123123123	9.70454644073121e-05	0.0940645609163485	0.124461418236074	0.166927176971815	0.0337738880962667	0.103346046216342	0.128392913795893	0.06553911205074	0.0257361105160868	0	0.0575948874840185	0.0608068764275737	0.0212267675891798	0.0700076511094109	0.0288529802280492	0.196701185316434	0.00797720797720798	0.0522674754637591	0.105960196976604	0.166343195277692	0.029510266771594	0.0551016123251098	1.81649161747062e-05	0.0151337395274238	0.0493784057968368	0.146905594210549	0.088785046728972	0.124420401854714	0.0318984273075224	0.0461471391006593	2.5853372881578e-09	0.0626931392397272	0.272197653700241	0.128012048192771	0.0967149148958405	0.000169439485712202	0.0312763753680066	0.136097681259289	0.0746808982821009	0.065331928345627	0.091686295540419	0.00238105571816603	0.00623160021288622	0.00354867959342879	0.0792792792792793	0.0166666666666667	0.0349875555455877	0.00635683541546117	0.045953409461007	0.057700545847108	0.0212155689892241	0.0635294117647059	0.00917872333492039	0.0555050045495905	0.0350626380770552
TC>AG	0.113785400438861	1.03949779491735e-19	0.0112079821989152	0.00138836773272879	5.89879645012914e-05	0.00860377358490566	0.00582424557688319	0.0158109416778047	0	0	0.00297176820208024	0.00104047452593242	0.00744593708008312	0	0.0193057559164271	0.00798074639015261	0.018018018018018	0	0.0128427629295384	0.00654477536049473	0.0393217535753649	0	0.0108732334118319	0.00588669736427508	0.00211416490486258	0	0.0109890122359023	0.0152524519914296	0.0102069685261469	0.00304027715819618	0.00860749808722265	0.0180715060229039	0.00648627770051583	0.00170940170940171	0.00322136487970375	0.0136425709463486	0.0286627630712772	0.0123224381918275	0	0.00452108247106447	0.00174955498030182	0.00661789239113934	0.0147743823641662	0.00934579439252336	0.00927357032457496	1.20714340106191e-07	1.13033761684162e-06	1.69560055775287e-06	0	0.00813286089633061	0.00753012048192771	0.00315522103420156	0.00321435777240331	0.0443895849989327	0.0212679730493528	0.081032419965617	0.00842992623814542	0.000861860041521703	3.41227848676902e-14	0	4.82807813291036e-11	0.0126126126126126	0	0.153715953610704	0	0	0	0.0155818640895296	0.00588235294117647	0	0.013648771610555	0.054769742499701
TC>AT	0.20758188206649	0.0272323115408434	0.031992367017043	0.00851430503239909	0.028019017243602	0.0415094339622642	0.0479140149049015	0.0379367787678154	0.100121465325018	0.0137228138296104	0.037147102526003	0.00611509768112004	0.0378454536183052	0.0332809566093655	0.0284847668121557	0.00160079297437905	0.024024024024024	0.0463804909042124	0.0402637972926067	0.0282316565877109	0.0573476735628854	0.0168988010379297	0.0414571778886058	0.0759769619345946	0.0190274841437632	0	0.0439560440945924	0.0186394086416115	0.0409941753366621	0.0122929617253579	0.0512624330527927	0.103768110961938	1.67910497513453e-07	0.0125356125356125	0.0366603850112556	0.050905891366857	0.0953019538235713	0.0144890563557539	0.0606349877984224	2.54122516667648e-06	0.00468062015042953	0.0178707446057435	0.0420320220657481	0.0373831775700935	0.0633693972179289	0.00454658061700096	0.0520759581196415	0.0036693729351681	0.0453573061123143	0.0854010756045982	0.0376506024096386	0.0348742566312825	0.0110783368736977	0.110069502742816	0.0838030488670416	0.149555532691996	0.0337197049525817	0.013210076309475	1.13501092461055e-05	0.0180342860743248	5.03327241834449e-06	0.0594594594594594	0.0333333333333333	0.219956605967694	0	0.0460338419290758	0.0305077114957992	0.0299471298418426	0.0305882352941176	0.0206382125927022	0.0345768880800728	0.104238097918858
TC>CA	0.00308106103537123	0.0167589847087659	0.0470463013489828	0.0112821023838992	0.0400606074728374	0.032	0.0256194941829806	0.0085548448694472	0	0.0290621277689587	0.0193164933135215	0.0143686895458173	0.0303039524582468	0.0211446486031318	0.000241408376817739	0.00237769204700828	0.021021021021021	0	0.0531065602221451	0.0133881940497525	0.0568420657969514	0.0338455880858878	0.0523065322508631	0.0329784012643983	0.0169133192389006	0.00888101171726059	0.0219780186529831	0.0141652796008617	0.0147068450373119	0.0196690149294397	0.0233358837031369	0.0442937388247198	0.00641922604939774	0.00227920227920228	0.0285098882367103	0.0427041799468888	0.000326943776283037	0.0149827427631016	0.0507645857177631	7.54995967740209e-08	0.00344506307713701	0.0115455995876829	0.120291065282656	0.0373831775700935	0.0525502318392581	0.022658269226451	4.15599083692949e-06	0.0197843398376456	8.80008936389647e-12	0.0407038443467303	0.0218373493975904	9.28929305405604e-08	0.0071265736899476	0.0010614945271777	0.0751974642952187	0.0535944672819947	0.0316122233930453	1.8525128499942e-06	0.0645978236383063	0.0188015410139757	0.0462603232352447	0.027027027027027	0	0.0113070094252921	0	0.077014630194537	0.0840871524236194	0	0.0152941176470588	0.0246010415088081	0.00818926296633303	0.045955963410722
TC>CG	0.00996864669588796	0.00118787325808592	0.00200813784073336	0	0.00754759905162148	0.00105660377358491	0.00342692784249418	6.10831845454422e-142	0.0143297185115709	0	0.00445765230312036	0.00115541571593509	2.32142747476013e-20	0.0078947502651598	0	0	0	0	0.000694203401596668	0	0.00624138671076746	0.0169679567470055	0	0	0	0	0	0	1.36006339141304e-19	0.00318714286274609	0.00153022188217292	0.00356063392593305	0.0032462080662948	0	0.00370910863959273	0.000588330491190028	0	0	0	0	2.29903449615922e-21	0.000585626647198046	0.00772979702430618	0	0.00154559505409583	0	0	0.00330073431751133	0	0	0	0	0.000447043286267205	0	0.0112642817280236	0.00824527734732597	0.00210748155953635	0	5.23101027687289e-15	0	0.000680415155268225	0.0018018018018018	0	0	0.00667565885926538	0	0	0.007950122455348	0.00352941176470588	0	0	0.00478081974709979
TC>CT	0.0311382492145071	0.00195485639926891	0.0151178121934989	0.0103838539632903	0.0303746811501817	0.0108679245283019	0.0159612834304794	0.00677665247915175	0.0429470762942871	0.0839135013905417	0.0163447251114413	0.00340052049557295	0.0134227171505646	0.00955940053657904	9.87068906056299e-15	0.00408556980489854	0.003003003003003	0.00674092193049804	0.0152724748351267	0.00605400434077059	0.0446126387780811	0.0169425102456428	0.00904079978148321	0.0149986935140032	0.0169133192389006	0.0485432187955791	0.0439560450643959	0.00872406625825431	0.0107232173801005	0.0146359498063233	0.0260137719969396	0.0500587058913254	0.00161279972948315	0.0056980056980057	0.00972926362714503	0.0163615765795059	0	0.00777555588466771	0.0148535610334235	0.00750477990106708	0.00438746140059396	0.0124822113745316	0.0104891221436855	0.00934579439252336	0.0123647604327666	0.00405040679338313	0.0155067566113269	0.0367731283055139	0.0214861259157751	0.0226750816132959	0.00753012048192771	0.00697756054516373	0.00765411812590135	0.0146542182960114	0.0325343839714218	0.0315602117007004	0.017913593256059	0.00211842873494262	0.017844197466988	0.0564632772485611	0.0240633111910653	0.0234234234234234	0.05	0.023431743352882	0.0199552793690824	0.0307548904780281	0.0261594235132618	0.0712967739332424	0.00588235294117647	0.0704396707694558	0.00727934485896269	0.0207547225093878
TC>GA	0.00584695361725387	0.0202939236285027	0.0230650016201332	0.00219049540820314	0.0163400638114785	0.0149433962264151	0.0324937520103975	0.00333732724770064	0	0.0210133445354265	0.00891530460624071	0.00607696182265682	0.0175186319085872	1.15971880836683e-06	3.7899838696811e-09	3.23949968719722e-06	0.003003003003003	0.00674092193035377	0.0183963901423117	0	0.0495222095935367	0	0.00619069307101991	0.0336189905485219	0.00845665961945032	0.0292292822220534	0.0109890093264916	0.0178781198060108	0.0144196084288383	0.00760484974605233	0.0137719969395562	0.0173298362470262	0.00234848570840597	0.00284900284900285	0.0034467952775436	0.0148781801946025	4.21386186817164e-07	0.0080099342791808	0.0157295633577144	0.00440046794546452	0.00376137607951021	0.00503271181217634	0.0357686272502754	0	0.0131375579598145	5.29598453939293e-05	0.0374441542205438	0.00238246605505923	0.021421860913404	3.70536233118939e-12	0.0143072289156626	0.00662023910320632	2.12736869164795e-07	7.68348442260858e-06	0.0426626216781793	0.00552429540954051	0.0126448893572181	0.000168082125175295	0.0768235640276483	0	0.0562610294439128	0.0144144144144144	0	0.0247757996928172	0.0066253268551747	0.0462160509557799	0.00780110436079046	0.00750284947185956	0.00823529411764706	0.00615566124708365	0.00909918107370336	0.00702393118431961
TC>GG	0.00594033780966427	0.00260143129377663	0.00312088830674815	0.00290598144844297	0	0.00181132075471698	0.00380733576301833	0.00156792910593069	0	0	0	1.79848304658269e-20	0.000332332303782886	0.00858375409874282	0	0.00169412510154899	0	0	0.00242971190558834	0	0.011913820205495	0	0	0	0	0	0	0.00539074425373367	0.00200268097141568	1.33758630335626e-19	0.00210405508798776	0.00388367058319176	0	0	0.00181788911031603	0.000435919264683162	0	0	0	0	0.000138689284418776	0.000526212163932862	0.00308926669928667	0	0.00231839258114374	0	0	0	0.0054356489525436	0	0.000753012048192771	0	0.000912990476030029	0.0023680081819187	0	0.0163485366213231	0.00316122233930453	0	3.12196294862046e-11	0	0	0	0	0	0	0	0	0	0	0.00398241021284428	0.00454959053685168	0.00572139663877238
TC>GT	0.0344195186422966	0.00434615922938826	0.00678872601091314	0	0.0133577021590674	0.00649056603773585	0.00359570896716641	0.00359205751697001	0.0142999966037956	0.010755078448187	0.0104011887072808	0.00429412361087281	0.00557739439011772	0.00335618167991428	0.00588661756614636	0.00367441430061464	0.00600600600600601	0.00592757238165469	0.00728913571676501	0	0.0291196990335675	0	0.0148483177495361	0.0173743401863922	0.00845665961945032	0	0.0109890093264916	0	0.00641074958108825	0.0103738276148439	0.0093726090283091	0.00367970677413767	0.00702359124490751	0.011965811965812	0.00243464706613378	0.00950835888061014	0.00605680300665649	0	0.0161987711160581	0	0.00242321596177922	0.00221532924970066	0.0112502883890544	0	0.0100463678516229	3.57720508655396e-05	1.14208712526661e-07	0.00640558491552399	0	0.00328547298730705	0.00451807228915663	0.0006505245428673	0.00364456928656193	0.0136270061031035	0.0443034020570763	0.0238834049543889	0.00842992623814542	6.75644093235519e-12	0.0451219295258878	0.00399737191745607	0.0431945109126642	0.0018018018018018	0	0	0.00667565885926538	0.0154174653413787	0.0678198459011018	0	0.00705882352941176	0.006432135088104	0.00363967242948135	0.0153046635538896
TG>AA	0.00119237155678767	0.015220446232726	0.0146710806851577	0.000484366440319789	0.0194274402033259	0.00769811320754717	0.0090940112643831	0.014251181727703	0	0	0.0163447251114413	0.00236255904711578	0.00956553014847094	0.0382803711775396	0.0133118670746182	0.0129061100353605	0.015015015015015	0.000829905660319127	0.00937174592155502	0.00717969706640544	0	0	0.0233740430632301	0.0265225733313253	0.00634249471458774	0	0.0219780235020014	0.00801343813010208	0.00729151835858697	0.00826918752968461	0.0105202754399388	0.0183376391524848	0.0216697224914016	0.00341880341880342	0.01057349610495	0.0152097186030508	0.000152551010784271	0.0077830525663972	0.00330572765200421	0	0.00386775335601015	0.0134398153007205	0.00917862363976356	0.0280373831775701	0.0115919629057187	0.0206077664584017	2.35125460098846e-09	0.000552537529100073	0.0102902457952662	0.0244533858874175	0.00753012048192771	0.0249961717644429	0.00828599231445821	0.0153509044294088	0.0325343839714218	0	0.0200210748155954	0.0507707234253227	6.21804882427708e-13	0.00165941741346403	3.00367119832849e-07	0.00900900900900901	0.0166666666666667	0	0	0	0	0	0.0129411764705882	0.0171308044761294	0.00818926296633303	0.0106455032205952
TG>AC	0.00100146921084748	0.000760839932526018	0.00735910960752413	2.06574811912742e-89	0.0160207296439458	0.00347169811320755	0.00729725448304279	0.00350774102054983	0	0	0	0.000296372517000117	0.00177026455636251	0.0252532108836387	0	0.00264002374585073	0.00900900900900901	0	0.00312391530718501	0.0082412312535146	0.00490719839083912	0	0.0177755903635954	0.0186010863689391	0.00211416490486258	0.0197014755915087	0	0.00446952995150775	0.00556517755113737	0.00555157219035636	0.00420811017597551	0.00321604003005786	0.00761508578294992	0.00113960113960114	0.00254630387008124	0.00148296071475538	0.00413471291551691	0.00415036666850921	0	0	0.000630970052659536	0.0037861249656894	0.00640551535727945	0	0.00463678516228748	0.00336235785746907	0	0	0	0.000244469533300544	0.00376506024096386	0	0.00108525114505052	3.4755173152749e-05	0	0	0.00210748155953635	0.00125923560019594	1.0430819549142e-05	0	0	0.0018018018018018	0	0.00700226552007144	0	0	0	0	0	0.00796482042568857	0.00181983621474067	0.00389156055683167
TG>AT	0.00248161250312829	0.0290244328357705	0.0403563586331878	0.00689428084607879	5.56485636114251e-05	0.0345660377358491	0.0189058340317516	0.0401068784240002	0	0.0408346305151264	0.0267459138187221	0.0100864985494899	0.024550919044164	0.15784641508012	0.0204700009958453	0.0291003383971159	0.042042042042042	0.0339057573080326	0.0215203054494967	0	0.0345424799993013	0.0339007809803069	0.0247608275711908	0.0424606859720546	0.0190274841437632	0	0	0.0510112180278419	0.0135102157722511	0.0319764689217847	0.0275439938791125	0.0233301002563084	0.0534685743517761	0.0193732193732194	0.0128238266373559	0.0285841770738068	0.0120516439738021	0.00732351659653988	0.0193845079647702	0.00370650993897526	0.0138295735966234	0.0743060343487821	0.00299743080269631	0.00934579439252336	0.0239567233384853	0.0193631286263	9.05455447329063e-06	0.0226183081038358	0.0092217661794823	6.20846088120829e-11	0.0158132530120482	0.0360675032402989	0.0779427981622248	0.0324500590767385	0.00856313404184778	0.0217479309117477	0.047418335089568	0.00832625949729648	3.37818966924989e-13	0.000127420048295123	7.98223200627819e-09	0.018018018018018	0	0.0403451804772474	0	0	0.0268700944518958	0	0.0235294117647059	0.0124479061828259	0.0318471337579618	0.0253289956400744
TG>CA	1.62934798405126e-19	1.03949779491735e-19	0.0180597569664025	0.0189926570994161	0.197199854915633	0.00649056603773585	0.00441015792794725	0.00386418172887935	0.028635511609064	0	0.011887072808321	0.0015517903163962	0.0101319541280888	0.00309170361320572	1.47330419735976e-06	0.00321554450768205	0.00900900900900901	0.00508240893070233	0.00833044081916001	0	0.00865526883108558	0.271492151355637	0.0241068128662646	0.00729064024490819	0.00422832980972516	0.247624571039862	0.109890130117449	0.00893905990292109	0.0143180712901979	0.000672775538205032	0.00459066564651874	0.0112784173435674	0.00243050647608734	0.00227920227920228	1.31593914296449e-19	0.00782110032614466	0.00685171376706109	0.00404636364875154	0.00520157695033201	0.00611301174559409	0.00101962338943662	0.00414794157969155	0.00744430614884462	0	0.00463678516228748	0.00257927980505476	0.00922530981575187	0.0398115223364315	0.0108712979050872	0.00680588220011675	0.00978915662650602	6.76967970677242e-08	0.00176523330222981	0.0100288137461891	0	0.00639105602015021	0.00632244467860906	0.00790836165391576	0.0152380985304997	0.0395511929790977	0.026228657038711	0.0036036036036036	0.3	0.00781058111762734	0.0133513177185308	0	0.0189900018293071	0.0319275698842359	0.00941176470588235	0.0457932874914283	0.00181983621474067	0
TG>CC	0.00159493672836048	0.00314865638456367	0.00650998157588673	1.2779297020014e-90	0	0.00256603773584906	0.00599430519426437	6.40367178929229e-296	0.0143214696068511	0	0.00148588410104012	8.60739907041059e-05	0.001967314556142	0.0079091507063817	0	0	0	0	0.00416522040958001	0	0	0.0169619013998862	0.0170460673396171	0.0182950652090346	0.00634249471458774	0.0293584619157924	0.0219780235020014	0	0.00433914210473396	0.00106861759012779	0.00363427697016067	0.0121634253313327	0.000181235807234289	0.00113960113960114	0.0045518721597444	0.00114425719248576	0.00413491992195516	0	0	0	8.4413833528346e-07	0.00389397001310318	0.0099679060088521	0	0.00309119010819165	0.00244291492335885	0.0153656758651949	0.00233139565988802	0	0.00420521602883377	0	0	0.00357634629013764	0.00290500260336917	0.0112642817280236	0.00824527734732597	0.00210748155953635	0.000615540938136309	0.000340486779213665	0.00420387063226359	0.000480163805539538	0.0144144144144144	0	0	0	0	0.00780240715144632	0.00750284947191526	0.00705882352941176	0	0	0.00478081974709979
TG>CT	0.0095764669288482	0.0424862183825805	0.0766887747658428	0.00700887500148389	0.000680920644378611	0.0609811320754717	0.0723176158218422	0.01140181118298	0	0.00367477874344462	0.0416047548291233	0.00705017827635816	0.0244021887876699	0.00941942928022852	1.94775795558638e-05	0.0145857210816132	0.039039039039039	2.54451673487068e-09	0.0433877125997917	0.00229628442272007	0.0755273873724333	0.0338625798311391	9.94607939222423e-06	0.0261063542964576	0.0232558139534884	0.00849226736523585	0.0439560421549852	0.0599504431355744	0.0314737576447861	0.0218554065533192	0.0214231063504208	0.0121810132353176	0.0104888189073741	0.0131054131054131	0.0140606778543643	0.038055083028553	0.000172753460943201	0.015561987337049	0.0300349961557695	0.00460134864038076	0.0217087175201427	0.0689034382872977	0.0565311116221194	0.0186915887850467	0.0394126738794436	0.00166348537492714	0.0218900651891311	0.00345625059442179	3.10701056688738e-09	0.025105953400226	0.0225903614457831	0.0165404502110898	0.0706317756094659	0.0273515323451692	0.0976031519142653	0	0.0242360379346681	5.76128147713736e-06	0.00639653031070284	0.0156975903250019	0.00303651529385645	0.0702702702702703	0.0166666666666667	4.68174470031115e-30	0	0	0.0280231167130754	0.0295609327962054	0.0152941176470588	0.00755135718802717	0.0245677888989991	0.0275679663976589
TG>GA	1.62934798405126e-19	0.00430686513666111	0.00176121470324397	0.00520953139303714	0	0.00679245283018868	2.77201460899822e-139	0.00167849552470292	0.0142983432771588	0.0106787876282048	0.00742942050520059	0.00280212449638665	0.00550831368862558	0	0.00141672228463433	0.00697598310776667	0.00600600600600601	0.00592757150018937	0.00728913571676501	0.00753901700371781	0.0024089396907962	0	0.0047911797893476	0	0.0126849894291755	0	0	0	0.00700938339995486	1.33758630335626e-19	0.00286916602907422	0.00688588713951975	0.0243552507758548	0.00341880341880342	0.00369812993298394	0.00571463932884502	0.00244864515915625	0	0.00487747090538936	0	0.000844460517541909	0.00425174584732561	0.00409115755196767	0.00934579439252336	0.00618238021638331	0.00503090382365649	0.00638924075122491	0.0127261618978746	0	9.09936377264988e-06	0.00225903614457831	0.00222889844388758	0.000918701547815363	0	0	0	0.0115911485774499	0.0154096126902188	5.4756566186233e-11	0.0122256102506799	6.9423658527655e-14	0.0036036036036036	0.0166666666666667	0	0	0	0.00926651221347011	0.00788651534448286	0.00352941176470588	0.00721133588057358	0.00727934485896269	9.73799390587391e-06
TG>GC	2.87870253428026e-17	0.000381319852350455	0.00295560089258744	0.00537503660950615	0	0.000452830188679245	0	0	0	0	0	0.00086436476733463	0.00305272948366862	0.00694406396145396	1.7539543463452e-07	1.57015951188439e-05	0	0.0075404134827116	0.00138840680319334	0	0	0	0	0	0.00422832980972516	0	0.010989011266099	0	1.36006339141304e-19	0.0132038775742338	0.000191277735271614	0.00187066143840903	0.00214822368080078	0	0.000579504991924265	1.08247751383443e-19	0	0.00425169521584396	0	0.00590482344525415	0.000764913870169929	0.00156160005332326	0	0.00934579439252336	0.00463678516228748	8.39293467215514e-05	0	0	0	0.00406643042205411	0.0052710843373494	0.00214880851567527	0.0024822537381218	0	0	0	0.00210748155953635	0.000559975140036615	0.000450700447437821	0	0	0	0	0	0	0	0	0	0	0	0.00272975432211101	0.00344570004900777
TG>GT	0.0089488484340243	0.00589079723886238	0.0119140436879368	0.046711889990514	0.0134371521551228	0.0102641509433962	0.0115886502322752	0.0312581880674981	0.0286148676248023	0.0221938491458156	0.00742942050520059	0.0104276797612419	0.00732594514142329	2.41751676823462e-05	0.029322549704193	0.0740807795471017	0.003003003003003	0.0142838396704683	0.00833044081916001	0.00736022381925487	0.00865526227496871	0	0.0141116556622818	0.0170664632335767	0.0105708245243129	0.00926918788114745	0	0.0546981479287185	0.0052626250456267	0.0192283062832416	0.00956388676358072	0.00421149082444779	0.014078389384016	0.00455840455840456	0.00901737024751467	0.0126880087563613	0.0286546882005277	0.00790335172289727	0.00946996458422528	0.0141216691811905	0.00697073340803806	0.0195879345762517	0.00292573952088932	0.0280373831775701	0.0146831530139104	0.0133730956524734	0.00525569872963048	0.0484789678465952	0	0.0192301172955157	0.00150602409638554	0.0670030576368704	0.0215582461097311	0.00959356351185528	0	0.00796113498479631	0.00316122233930453	0.0138680689225276	0.014138936368311	0.0578133073021355	0.00676010858057063	0.0126126126126126	0.0166666666666667	0.00215237198348836	0.0333639872351791	0.0307985776392041	0.0178350127369422	0.0796918711469117	0.00823529411764706	0.04604383841344	0.00363967242948135	0.0161165009888876
TT>AA	0.00561801025774088	0.00505815851370439	0.0236789480593556	0.243689013072261	0.0381920351333363	0.0155471698113208	0.0093970937332476	0.00475369848538349	0.0142502985118067	0.0208599281366639	0.0282317979197623	0.00522826228384148	0.0214976797199532	0.0927374620092301	0.00384255205588717	0.00484049059579613	0.018018018018018	0.0555342210582152	0.0100659493231517	0.164742127003763	0.0209703923852236	0	0.0328741960816867	0.0165521410351591	0.0232558139534884	0.117563021253096	0.0219780157435709	0.0167701250339155	0.0115483897264541	0.0433165540743481	0.0223794950267789	0.0424341789267356	0.0713435828307322	0.0113960113960114	0.0714099561806507	0.0128176557961409	1.26619619536877e-07	6.06935465390105e-09	3.13957047150868e-08	0.0433168014169125	0.00207865152090419	0.0111538749071314	0.0180285483138082	0.00934579439252336	0.0208655332302937	0.274945133748163	0.028019680423512	0.0562315769786706	0.116445988024695	0.0115602969728759	0.0120481927710843	0.0274930755717247	0.00738227137142074	0.0162834458654998	0	0.0142132665959585	0.035827186512118	0.454988833847906	0.00362710153363006	0.0365688618535968	0.0214226079281685	0.0144144144144144	0	0	0.0801365043858533	0	0.0175984946174488	0.0395598451756475	0.0117647058823529	0.0492748285074614	0.013648771610555	2.6616575035004e-06
TT>AC	1.62934798405126e-19	0.00564663776049063	0.00353749174564594	0.00782561745880882	0.0152398172230741	0.00377358490566038	3.47952398651196e-61	0	0	0	0.00445765230312036	1.79848304658269e-20	0.00529139777169228	0.0241404443406995	0.00286754897833899	0.00119577915108931	0	0.0075404134827116	0.00451232211037834	0	0.0107717749122782	0.0169612957505769	0.00680951028090941	0	0.00422832980972516	0.0195723079438616	0	0	0.00931354675763221	0.0250690788970962	0.010902830910482	0.018841026763976	0.00134200774657347	0.00398860398860399	0.0107990727033445	0.00305252818331331	0	0	0	0.0442844424699275	0.00103098755811419	0.00101660435467017	0.00384154213577861	0.00934579439252336	0	0.0196228172839033	0.00537709462880129	0.0113267547441727	0	0	0.00301204819277108	0	1.09962474526686e-10	0	0	0	0.0115911485774499	0.0231540174229537	0.00259677838058124	0.00829554058321524	8.76706963976341e-05	0.0018018018018018	0	0.0152274540002742	0.133648954148039	0.0154174653413787	0.00949500091465358	0.015963784942118	0.00470588235294118	0.0109440386758427	0.00272975432211101	0.00344570022173125
TT>AG	1.62934798405126e-19	1.03949779491735e-19	0.00953301824515521	0.00379606753705275	0.00726006039122235	0.00422641509433962	0	0.0031360560546381	0	0.0113235805369806	0.00148588410104012	0.00111055089600714	0.00258057687799659	0.0156654109706024	2.34261278785316e-07	0.00177050013804195	0	0.0075404134827116	0.00347101700798334	0	0	0.0169631126359494	0.0175325554751935	0.0184991255826464	0	0.00991531469313156	0.0109890132057055	0.0107814885074673	0.0101491970628432	0.0147960620720229	0.00382555470543229	0.0215924208460644	0.00146291040634336	0.0056980056980057	0.0426547493553164	0.00804087015839747	3.01862705350107e-08	0.0155555737529547	0.0169550914996487	0.0722620900145018	0.00116135073652842	0.00211504609929569	0	0.00467289719626168	0.0154559505409583	0.0291815368016883	0.0484567787423967	0.0112306117311952	0.0268576573947189	2.8548828965815e-07	0.00150602409638554	0	0.00351231723648021	0.000356082475488186	0	0.00796113498479631	0.00842992623814542	0.0227878783039391	0.0239136127666588	0.0123418213265777	0.0150307122186158	0.0054054054054054	0	0.0131962154430696	0.0200269765777961	0	0	0	0.00117647058823529	0.00771567703939537	0.00181983621474067	0.0124235337209995
TT>CA	0.0112520875574728	0.00406697207435323	0.0059174073931647	0.00780574725137984	0	0.00241509433962264	0	0.00156802797666739	0	0.0117742092023741	0.00594353640416047	0.000206152407895993	0.00298314425148214	0	0.00217187818847518	0	0	0.0075404134827116	0.00590072891357168	0.0077751675726922	0.0166344732990799	0	0.00581534173662653	0	0	0	0.0109890132057055	0.0215629770149347	0.00451749693291548	0.0696618368571569	0.00899005355776588	0.0195868083306494	0.0113933328381957	0.00284900284900285	0.064959107309782	0.0114733342582751	3.61010189395558e-06	1.18381653707465e-08	3.32991855403068e-07	0.271868140570838	0.000368700356954637	0.00119451230949384	0	0.014018691588785	0.00927357032457496	0.0904240048584151	0.0498676807671826	0.016853045456233	0.0836389727008942	0.00545584619955011	0.00225903614457831	0	0.000471878396614102	0.00512061533392639	0	0	0.0210748155953635	0.0629094502219629	1.97652300674425e-08	0.020601876912556	7.95066375702659e-05	0.0018018018018018	0.0166666666666667	0	0.0200412719772731	0	0.00949500091465358	0.007950122455348	0.00470588235294118	0.00291048475284847	0	0.00478081974709979
TT>CC	0.00166006925048516	0.00627059071762716	0.00158349173892445	0.219706879503672	0.0152692030576113	0.0030188679245283	0.00594500368889227	0.00156787409890277	0.0859964504142646	0.0116243765602137	0	0.000736108470914772	0.00420598275308517	0	0.00170689932149037	1.76426707171644e-24	0	0.0075404134827116	0.00728913571676501	0	0.0158711660499962	0.0339256196695024	0.0547838201643596	0	0	0.0297459440793947	0.021978026411411	0.00539074425373367	0.00808987629185848	0.020171692573082	0.0066947207345065	0.00492647272222291	1.96247653015034e-15	0.0056980056980057	0.00807608535374273	0.00546260396949292	0	0	0.0157613208070451	0.0208297408327574	0.00093384493253411	0.000364445593898272	0	0	0.00309119010819165	0.0123764057367255	0.0153656758651949	0.0628959420687832	0.00537153147894377	0	0.00301204819277108	0.00502221257403202	0.00531168034404673	0.000735921040166935	0	0	0.00210748155953635	0.00231682068276618	0.00992388285911309	0.12503900726845	0.00463975763710252	0	0.0166666666666667	0.00781058111762734	0.160387313831517	0	0.0388824697914977	0.160272811009009	0	0.05575374297982	0.000909918107370337	0.00352997030995057
TT>CG	1.62934798405126e-19	0.000826287554813547	0.00226710912028823	0.00199435280177693	0	0.000452830188679245	0.00147589139163985	0	0	0	0	0.000127658214096513	0.00122109179346745	0	0	1.75769983868305e-12	0	0.0075404134827116	0.00242971190558834	0	0	0	0	0	0	0	0	0	1.36006339141304e-19	0.00994165241031981	0.00153022188217291	0.00259320035455644	0	0	0.0118691476466967	1.08247751383443e-19	0	0	0	0.0376168688831265	1.37859442819997e-10	0.000315727298359717	0	0	0	0.00735855648146373	0.0161312838864039	0.00188779245736212	0.0112533969360333	0	0	0	0.000447043286267205	0	0	0.00824527734732597	0.00316122233930453	0.00186201414562407	0.0290924215390225	0	0.0151301813640358	0	0.0166666666666667	0	0	0	0	0	0	0.00398241021284428	0.00181983621474067	0
TT>GA	1.62934798405126e-19	0.000527115232790921	0.00863280165498024	0.0289898238225646	0	0.00135849056603774	0.00181968728416653	0.00386825378573096	0.0286635597611359	0	0.00594353640416047	1.79848304658269e-20	0.0019001493986812	0	0.00069379470358783	0	0	0	0.00555362721277334	0.0165979819168075	0.00353612603105319	0	0.00606559808478986	0	0	0	0.021978026411411	0.00539074425373367	0.0010700446702713	0.0200334694229754	0.00191277735271614	0.00194191344278635	0.00454192785238784	0.00113960113960114	0.014070485254688	0.00236110179437899	0	0.00377432246271178	0.0152176206972473	0.0117213250066364	0.00081037734215836	0.000232103817289652	0	0.00467289719626168	0.00463678516228748	0.0591790239019317	0.0243040504803117	0.0434508117209106	0	0	0.00225903614457831	0.00553749552607417	4.19588251338236e-08	0.00384332069291287	0	0.00781895085917574	0.0136986301369863	0.0550785516635126	0.0115615999772978	0.0482626123643647	0.00803636440261307	0.0036036036036036	0	0	0.0133513177185308	0.015410197601037	0	0.0479548655167835	0.00588235294117647	0.0266291467319348	0.00272975432211101	0
TT>GC	1.62934798405126e-19	0.00241973706456088	0.000919170210586027	0.00197361718938309	0.00786224185470111	0.0019622641509434	0.00182524182008671	0	0	0	0.00445765230312036	1.79848304658269e-20	0.00291705261772779	0	0.00050087242129132	0.00048114590769395	0	0	0	0	0	0.0169691675667091	0	0	0	0	0.0329670396171165	0.00539074425373367	1.36006339141304e-19	0.0254971428967125	0.0013389441469013	0.00471817819997453	0	0.00284900284900285	0.00861961004973547	0.00123610316399021	0.00385959440481532	0	0.021667850058891	0.0453372241752033	1.26390682381547e-15	0.00047315407081588	0	0.00467289719626168	0	0.00490570432097582	0.00537709462880129	0.0113267547441727	0.00562669846801667	0.00447758934436015	0.00301204819277108	0.00256486031436194	1.90179156929961e-25	0.000736971346544579	0	0	0.00421496311907271	0.00566271381615106	0.0553662489847525	0.0130843569800642	0.0386482766373696	0	0	0.00781058111762734	0.0668280474297988	0	0	0.00801364055045045	0.00235294117647059	0.00347775049470023	0.000909918107370337	0.00408938660782904
TT>GG	0.0043318170060735	0.00141606542806385	0.00268890543351843	0.125927426456169	0.0076663396248335	0.000452830188679245	0.00182521258360576	9.62082185086321e-05	0.0143330165377937	0	0	1.79848304658269e-20	0.00339192164852069	0	0	0.000998011327187202	0	0	0.000694203401596668	0	0	0	0	0	0.00422832980972516	0	0.0219780244718047	0.00893905990300939	1.36006339141304e-19	0.00980590230496651	0.00114766641162969	6.81677668711512e-07	0.000633232800790741	0.00170940170940171	0.0293019582527826	1.08247751383443e-19	0.00265165129621337	0	0.0933269520182173	0.0539986687951038	0.000229391538370552	0.000147324450975568	0	0.014018691588785	0.00309119010819165	0	0.0411188813906247	0.0382857411492896	0.0560133053582807	0.00131963584115698	0	0	0.000447043286267205	0.00290500260336917	0	0	0.00316122233930453	0.00526585793957251	0.206877477182159	0.0622972920065969	0.0968866258140313	0.00900900900900901	0	0	0.0333782942963269	0.154210977834147	0.00855936106889064	0.023723183292273	0.00117647058823529	0.0316108058918364	0.000909918107370337	0
