DBS1	DBS2	DBS3	DBS4	DBS5	DBS7	DBS8	DBS10	DBS11	DBS12	DBS13	DBS14	DBS15	DBS16	DBS17	DBS18	DBS19	DBS20	DBS21	DBS22	DBS23	DBS24	DBS25	DBS26	DBS27	DBS28	DBS29	DBS30	DBS31	DBS32	DBS33	DBS34	DBS35	DBS36	DBS37	DBS38	DBS39	DBS40	DBS41
AC>CA	0.000665473826040036	0.00384411620954248	0.00459936084528929	0.00606180472657802	0.00421575045528726	0.0310016254030936	0.258940366935803	0.00566592793371494	0.00384928972470107	0.00385216487378949	0.00577414704081787	0.014720085593388	0.0135411533912846	0.0172234934197448	0.00701963584651459	0.00173614773516727	0.0344054152040923	0.0145215953238437	0.127237128072667	0.0183721201020344	1.1588354708267e-09	0.00758856121986108	0.0160149466570827	0.057128752790604	0.0077490822923299	0.0322319865696156	0.0200370735022524	0.0237128600358234	0.00282906588071881	0	0.00903475694570335	0	0.0346208811779334	0.0394779443351719	0.0200269765777961	0.0402192854084006	0.0870055427592081	0.0459958286788422	0
AC>CG	0.000103004197871427	0.000310574010626481	7.18965199299864e-05	1.4126361351294e-20	0.000248830735594574	0.00333480098847617	0.00214648534285831	4.94317980728791e-05	0.000373108455117419	0.00192839835781106	0.000844948927877197	0.000293033770846379	0.00219990341481722	0.000551861911520187	0	8.4309097902448e-05	0.00137433033727628	0.00134002922802872	0	0.00183211381677278	0	0	0.00357816563366213	0.00384633444695347	0.00253608631423545	0.00103177022996753	0	0	0	0	0	0	0	0	0	0.00910477301275427	0	0	0
AC>CT	0.00368930303240021	0.0026251507499661	0.00192141864298334	0.00659789646029079	0.00189430722374739	0.00178567330310578	0.475589937987074	0.00370870939604243	0.00297481028075366	0.00115400168617904	0.004991756642862	0.00762222902307441	0.015735810731914	0.0092735621764202	0.00260352703920911	0.00202232166920706	0.012946006809753	0.00684399523948998	0.00680179012095305	0.0108817885818222	0.00966943022653124	0.0074737054534932	0.00419656566340138	0.0215542110900104	0.00636316078104804	0.00847884242768176	0.00651438356436592	0.012777204585793	0.00622276770733169	0	0.00972061744787443	0.0152636302199551	0.0191926470170701	0	0	0.00408947731154361	0	0.0310918766224722	0
AC>GA	0.00073609392163768	0.00093417370173456	0.00415611956875074	0.00187089380313046	0.00195760265636348	0.00574823372316423	0.00199601536167142	0.00590398420153774	0.00402714155371455	0.00826377973371426	0.00412344544189703	0.00847883604542089	0.0149933224700815	0.00772000983356566	0.00384704933081514	0.00227401172569125	0.00532839179033285	0.0123465000589589	0.00307524120920317	0.00770256517083016	0.00235616445199521	2.94790654342196e-06	0.00881995676369529	0.00777865597211074	0.0036348767840126	0.00192767127252367	0.00519084805879926	0.00401246638137638	0.000873366052020484	0.0160353267913044	0.00879924616200347	0.0145230190721248	0.00789942214118664	0.0285237333928309	0.0133370040713559	0.018364773953693	0.0460383423329168	0.0310918766224738	0.0654955455701199
AC>GG	4.5423585988665e-05	0.000279422154895147	0.000267891037735261	0.00147004117982935	0.000290942179583801	0.002020963613524	3.49397112670114e-05	0.00059431033942557	0.00183406961215541	0.00400011384477679	0.000326260041802439	0.000918794382298755	0.0048464445571002	0.0048661175377846	0.00274842578244199	0.000667833010655158	0.00355609870172768	0.00156203559858738	0.0033591998286973	0.00258178537759349	2.71763249783715e-09	0	0.00283749379627559	0.000499963026977347	0.00324678072148446	0.000652313235281615	0.00431401475408739	0	0.00477271627064478	0	0.00972061744787443	0	0	0	0	0	0	0	0.0131414810836661
AC>GT	0.00228605877329749	0.000849059841837457	0.00618067266879985	0.000595840379224628	0.00191382628477489	0.00857688252608634	0.00071940013659612	0.0148884544915879	0.0015498332893944	0.000491530652098259	0.00266314555145353	0.0608873320671144	0.0116069726726931	0.00132679853450572	0	0.00153826747147406	0.0118276532178625	0.00445516423935647	0.027544229402328	0.0116105796442425	5.561682370156e-15	0.002829087237036	0.000360990048431144	0.00265225321568714	0.039482073812273	0.00780025128258242	0.0439420475253293	0	0.0156936560727895	0.0322879227847824	0.00949500091465357	0	0.00397448341033098	0	0.0267240771734429	0	0.0106057799867391	0.0156373922951415	0
AC>TA	0.00146272544920157	0.00255011283810582	0.00435228853553652	0.00369468347835226	0.00325214661158155	0.00378748017407553	0.00605226572379938	0.000410874051633752	0.00328715913976789	0.00217457374718479	0.00637347152496262	0.00203582241335558	0.0178426768750933	0.0293908104331027	0.00909013784853338	0.00366557926022575	0.00443954457866566	0.00977215425842397	0	0.0107517228001274	0.00676625341547735	0.0179195265033235	0.00386174869041622	0.00836931098683438	0.00266228873677477	0.0021733573721377	0.000427183085611695	0.0049925788165485	0.0219009748349851	0	0.0277995366404441	0	0	0	0.0066397637437694	0.0164960089010824	0.0103549125794647	0	0
AC>TG	0.000441741571417516	0.0002801170077346	0	0.00146168217608222	0.00104603098825685	0.0135216403289276	0.000185610697608278	3.9393558874147e-05	0.000394339122780995	0.00196273811161068	0.00199551966768377	7.03914753479025e-05	0.00678393298642048	1.5441700959176e-08	0.00262146831201693	0.000588798364941579	0.00184242510322728	0.00312024880107683	0	1.27116992990043e-06	0.000669767644607705	0	0.000371455196160173	0.00130673920204674	0.00213889641950103	0.000505381440722354	0.0004648561281597	0.00499256945202081	0	0	0.0183021416968574	0	0	0	0.00664696512846619	0	0	0.0159108816137738	0
AC>TT	0.0170242190912346	0.00386009665483197	0.00408565479310856	0.00924751761605193	0.00509943381445362	0.00774332557314801	0.00052385156305026	0.000554937045617328	0.00560346207376273	0.000714161398071257	0.00789081451169723	0.00401573395692637	0.0350124042857787	0.0295759491057565	0	0.0050791119266659	0.00858219438595018	0.0117347941408107	0	0.0138217561189344	0.00770097758486188	0.0113043145915304	0.00214808388216319	0.00502917174197471	0.0118210951189982	0.00236067552591565	0.00506833641927429	0.0177846450278728	0.0790685420422234	0.0161982598301497	0.0375245534788494	0	0.00617942273220459	0.0136110042320756	0	0	0	0	0.0131112154505225
AT>CA	0.00105798313031909	0.000251085153425866	0.00582081051379388	0.000420143928504189	0.00171435532119066	0.0151030578908621	4.83228805635077e-11	0.00417833052992087	0.00118592122518764	0.00053667195089703	0.00153604946832378	0.00318861725028583	0.00490503157665498	0.017686178747244	0	0.00129914383951674	0.00578034874015041	0.00585994389334248	0.0086429828063816	0.0259802364820534	8.8103906922137e-11	0	0.000643134087062692	0.00466304519516984	0.00505943020559999	0.00446390095850624	0.00128259040469414	0.0227858507867162	0.000126097998710985	0	0	0	0.0254034088988094	0.0431398376251116	0.00667565885926538	0	0.0106297555868348	0.0159108816137738	0
AT>CC	0.000230463796031717	0.000301407843880163	0.00643062459926978	0.000726003176787683	0.000415268171786082	0.00974860218670637	0.000476910341828207	0.00370495430952859	0.000159047047338869	0.00183146696070244	0.00132501134084014	0.00471374172141936	0.0029406618088925	0.00571370834939467	0	0.0012605329374641	0.00337494583788277	0.00143139803600653	0	0.0105382804167084	0	0	6.97409242056556e-58	0.00233438412718266	0.00553277252269055	0.000847385476423973	0.00101037431961309	0.0049925371331421	0	0	0	0	0.0130552157260193	0	0.0133656094859598	0.00904222069674337	0.0118457754981372	0	0
AT>CG	0.000152463070931583	9.96241343124507e-05	0.00925874465836673	0.000777426345868025	7.83642741081921e-05	0.0175388263488469	0.000225309381012317	0.00445147319208892	0.000143622124993643	0.00089367757790261	0.000172611410771797	0.000700708280799297	0.000761790528456173	0.00136258318947742	0	0.000129289341005435	0	0.00124684540855889	0	0.00433524774106271	0	0	0.000981140864195164	0.00510887956704994	0	0.000153749084723009	0	0.00499254873468828	0	0	0	0	0.0140201262507165	0	0	0.00925784396625783	0	0	0
AT>GA	0.001856522845375	0.000690653370728499	0.00123491510338688	0.00399124025932826	0.0012123288420171	0.00481301786090582	8.36775349960253e-10	0.00100915773335882	0.000963557901582675	0.00347213460528544	0.00137121081417656	0.00192003199916237	0.00545600003111568	0.0235392985211543	0	0.00184811783353563	0.0103062762107477	0.00466512638407033	0.00339517159422209	0.0181150872306837	0.00215235372072425	0.00128095410467746	0.00162424652052345	0.0021834940089942	0.00755239720822757	0.004808049470806	0.0044891040892964	0.0218537676306259	0.00945619120517661	0	0	0	0.00956999736098645	0.0428989762431066	0	0.00882793296438988	0	0	0
AT>GC	0.000223853192645483	0.000214114319262493	0.00363876933235698	0.00117614951497173	0.000423504573745609	0.0065347239309635	0.000404312857843176	0.00362500637656682	0.000760869919610894	0.000919676704069655	0.00101789758987156	0.00603600306828741	0.00073775014548023	0.00911938595724104	0	0.000536829409070063	0.00741421044737549	0.000706899225401165	0.00341720325490323	0.00923564025044334	0	0	9.21425705607524e-05	0.000170339311397342	0.00746403583759566	0.00162938117641699	0.00558419197615747	0	0.00154560981893097	0	0	0	0.00632405764326573	0	0.0200484142289396	0.00954783382439636	0	0	0
AT>TA	0.00289710519974946	0.000866575321141882	0.0169506187754207	0.0078816404444089	0.0029105047211705	0.0025742325774687	0.00078608508604836	0.00306130179837857	0.00592969302033205	0.000783356068794667	0.00431991218974386	0.0112673364694368	0.0120675268319383	0.0600167347007844	0.00506689198404076	0.00358470248362295	0.0358356511463866	0.0109415318091092	0.0373029169776647	0.0260186692758563	0.00300388154923065	0.0213540949846482	0.000447661908720825	0.0139355639109615	0.00611071080656143	0.013877679000028	0.0145636786408633	0.0205370158188003	0.0199684595611252	0	0.0477017136055933	0	3.73547348753774e-05	0.0088735600327162	0.0333854445433807	0.0463820519066488	0.00943481736643264	0.0306332480597105	0
CC>AA	0.00235728498277969	0.569410051381481	0.00928614441691312	0.0401075778714877	0.0413480821893691	0.000201302454613286	0.0200084389392302	0.00627472396229796	0.0250764754490139	0.00368424705259225	0.338414726056687	0.00448233743922383	0.00247317073129693	0.00276339633936125	0.0253647505405558	0.0419742545046424	0.0133706634162755	0.0173500123154443	0.00690933265760515	0.0386912486625964	0.0713000064921797	0.0209818183402217	0.0360624777245344	0.0386531369669382	0.0153047137349302	0.00345251703318782	0.00985299887412498	0.022295313875999	0.00434427241956779	0.00141353651270676	1.18685903961743e-10	0.00786513023413988	0.00591921584708978	0.00281044667491226	0.0057276626916389	0.0729428360440392	0.0681595229684606	5.95677231801523e-06	1.1250055509392e-06
CC>AG	0.000982064425158893	0.0598061322553233	0.00767048056017359	0.024380730804189	0.022640298165268	0.00827369840252642	0.00646056066355021	0.000939759596341136	0.00564410107732639	0.0176808971139431	0.0523213606896257	5.93270228364535e-31	0.00495472485848566	0.0118358039759757	0.0123672842653494	0.024355050829952	0.00146548558209565	0.0171246042922032	0	0.0154921434155318	0.0172111419663526	0.00820295195858574	0.0117336873811477	0.00835342465115935	0.0117541080436522	0.000399978413545431	2.78194567383551e-07	0.0130397410498625	0.0019680570486759	0	0	0.0388596437723467	0.0378379335190053	0.0489252499769202	0	0	0.0436817205943903	0.0141525921395527	0.0250722126287355
CC>AT	0.0253042100411013	0.083112737236131	0.00288554695694027	0.026126702794521	0.0250944649882664	0.0199356500882901	0.0160030858510772	0.0087224820295173	0.0427797286254333	0.0016498513668493	0.0724948020897142	0.0271191410668045	0.0287817615092916	0.0117284459361838	0.0586235102007123	0.0171076062047133	0.00848692620468877	0.0274976870701028	0.00462055481768932	0.0117590172870386	0.0140615931651258	0.0092255495566909	0.0140138323905415	0.0177114380836958	0.0346524751102409	0.00139666445662624	0.0415420916335221	1.87153036007015e-05	0.0611557557328765	0.0469913138183118	0.0308396336461747	0.0984455883904025	0.00389562783239282	0.0666482284090159	0.0198107548597748	0.0321824471843435	0	0	0.0244061698565477
CC>GA	0.000486323306825893	0.0191307350168663	0.00385073151036624	0.0045669043221046	0.00488031436830537	0.00403991205658107	0.00282656475584316	0.000122384184468893	0.00325471732683963	0.0050511796365044	0.0184525872614534	0.000194586148723596	0.00462543549375693	0.00340880880204286	0.014535147111625	0.00245558114155384	0.00191299456448372	0.00673185347203699	0.00867064634317055	0.00611478773599897	0.000450514820995131	0	0.00595409483293955	0.0044295614794911	0.00766747500214259	0.000489787250230404	0.00119034355976915	8.74595954456202e-05	0.0142714512781121	0	0	0	0.0106661691771312	0.0106950542896206	0	0	0.00954115926012576	0.014528676127096	0
CC>GG	0.000321152063994475	0.00244829495192684	1.04931519698646e-16	0.00100438253537295	0.00205067015685831	0.00864737690717819	0.00100965277755741	7.9819438919029e-19	0.000882126281942876	0.0191950821391812	0.00352323893866332	1.41189534986604e-147	0.0021465633605814	3.6693227398428e-14	0	0.0017353982008071	0.00232888255983235	0.00370098014327865	0.0034961208055255	0.00502545382615561	0.000618912897755365	0	0.000195588126776556	0.00228924648430999	0.00840083329321016	0.00166480967314305	0.000483906417741044	0	0.00642828069752239	0	0	0	0	0.0135959555784959	0	0	0	0.0155459383112369	0
CC>GT	0.00914900718486677	0.00306100558398621	3.37105112806917e-15	0.00592602209145541	0.00358121123998182	0.00459747398572445	0.00176854949223629	0.000257129597346735	0.0218543155043999	0.00383162833145604	0.006079159340293	0.000772868939377742	0.0077840123962854	0.00925404739781258	0.01785978867578	0.00308599893002211	0.00334343847987226	0.00510761394530877	0.00102632838323649	0.017536070442167	0.00152510820770138	0.007166441930677	0.00779379749988486	0.00525538483550171	0.0175194463744152	0.00114316452570876	0.00429568369002407	0	0.00227998725015562	0	0	0	0.0178983446610183	0	0	0	0.0117274259379118	0	0
CC>TA	0.0140414611370879	0.0168519330732862	0.0193001347703539	0.00659248797746776	0.010041185916366	0	0.000382183676784864	0.034287213224677	0.0503941498130209	0.0041577733000234	0.0220449436062925	0.0395210562749403	0.00819472681174155	0.00863756234543041	0.0275891327513895	0.0128775811625165	0.00391787642366243	0.00809493743843903	7.40147607368115e-08	0.0141453515143733	0.010268131102091	0.00055400697892921	0.00357561542481956	0.00794778333922564	0.0106659625078032	0.00104797935357943	0.0588708407415035	0.00271186470634489	0.00198208692131437	0	0	0.011287894110887	0.0139981568312396	0	0	0.00523008545987351	0.00926947102904257	0	0
CC>TG	0.00396904226984744	0.00186559734977158	1.2718593458259e-08	0.00586598359082536	0.00635406651780308	0.00766823650893574	0.00272181547498402	8.86255257995815e-05	0.0122988636651911	0.0256800648464024	0.00589864145994296	0.000232757886863619	0.00931262211338112	0.0043901959504184	0	0.00453554662422693	0.00202066909531863	0.00490970922134361	0	0.00820973344194681	0.00016477763553288	0.00220881561480084	0.00237276998328237	0.00306344664800421	0.024752525779796	0.000969111429182845	4.13725990953548e-08	0.00401349846277031	0.000709955192618707	0.0161711121751476	0	0	3.07629924304995e-05	0.013202867770661	0	0.0280409958055559	0	0	0.0130809495192197
CC>TT	0.794472534248397	0.0104246136928974	0.0170334518617176	0.0138877019413793	0.00651167003520473	0.0139640367194455	0.00173403077306352	0.0187417631215038	0.265349623412411	8.00099462970453e-06	0.0189805655576306	0.0536398929030791	0.0135369129089618	0.0230854673540863	0.0695612235599442	0.00815774526458906	0.0198491802704501	0.00929353889659845	0.0498127129390961	0.0460349442988397	0.00036025852565277	0.00426320105651721	0.0165977556796322	0.012578365965791	0.0231883586798214	0.0062758691621536	0.0713826489730389	0.00351964040696439	0.0613142494246037	0.324019488479832	0.105802382383447	0.0117893207864962	0.00878886394858997	0.0170284759847407	0.0133298389933783	0.034987882909639	0.00275526082832043	0.0627322535658337	0.0125966502052161
CG>AT	9.40785902232709e-05	0.00288429997316948	0.000250883995808788	0.00112951807285102	0.00119641399339351	0	0.00052802358757338	0.000139268312588191	0.000102464701765793	0.0519571674171916	0.00152773722596942	8.6815984371732e-69	0.0011888170169478	1.6030551296753e-06	0.00206464997440144	0.00141918489618558	9.91225098290268e-14	0.00239586127348019	0	0.00160996807924558	0.00209144727365446	0	0.00119188226989431	0.000922082257621412	0.00135505331442474	6.77034834445957e-06	0.000613454859314495	0.0136913438792002	0.0130673282410709	0	0	0	0	0	0	0	0	0	0
CG>GC	1.53770179968301e-05	0.000618114615817314	0	6.72918115059468e-14	0.00013038842148624	0	3.01401414315187e-16	1.97397096105862e-05	0.000123302391735776	0.142828099190836	0.000153666973004967	0.00041141336857861	5.27369855589013e-05	0.000228755981399497	0	1.70455257584214e-05	0.00202126414066202	0.000275132744137029	0	0.000151768707749814	0	0	0.00329803409665358	2.56384820949589e-05	0	0.00102418900239479	0.000272807528770671	0.0342283596980006	0	0	0	0	0	0	0	0	0	0	0
CG>GT	4.93379853765789e-05	0.00284651557329744	0	1.8882117535175e-05	0.00235114295278172	0	0.000156357394069155	3.21295624856394e-12	0.000915882032001405	0.172054131258737	0.000950066299662833	0.000337702402990444	0.00162989653668454	0.00262508470482443	0.00260352703920911	0.00336270542998759	0.00135531210169218	0.00155907052487027	0	5.10560009193217e-09	0	0	1.84808716549149e-11	0.00047285772451727	0.00373580626367223	0.000392193198917753	0.00124126807593158	0.0273826877584004	0.000138398468060282	0	0	0	0	0	0	0.00900623414264718	0	0	0.0130809495192197
CG>TA	0.000666520629564027	0.00030136707319727	0.0802586502581953	1.40886699178867e-20	0.000573728832523231	0.00181767497530641	0.000116839657194679	0.256537440486859	0.00152956936609738	0.0639110805138364	9.21173087708783e-05	0.229724836573727	0.000649605493235916	2.50027705154859e-07	0	0.00103959057448798	0.0158990867692851	0.00160083348199143	0.00348525919814155	0.00160996807924558	0	0	0.00284634907900781	0.00116905921478336	0.00653697731944572	0.00726387538717635	0.0652102837497076	0.0479197035772008	0.000894069639744562	0	0	0	0	0	0	0.00926987734608836	0	0	0
CG>TC	9.56008534948023e-05	0.0047482391194231	5.68680900736174e-05	0.000144031718533087	0.00112607824547924	0	0.0013574382358742	0.000455343020354556	0.00219355309211854	0.176063352004635	0.00153146137483748	0.000192855974234472	0.000540917277941284	2.09744564389269e-15	0	0.000598377408156395	0.00131531946526918	0.00186699794504555	0.008728082142904	0.000485908649173957	0.00056522350184307	0	0.000490570432097582	3.31504509117685e-05	0.00321693322415227	0.000613417403980798	0.00138061466882722	0.061611047456401	0	0	0.00972061744787443	0.016248674211956	0.0057606983945755	0	0	0	0	0.0160017677751093	0
CG>TT	0.000274759095415108	0.0100335627607285	0.0130718351020268	0.00201692222431624	0.004068461639963	0	0.000223771512370644	0.00870452567658537	0.00161083094703783	0.128705291204431	0.00484797301132674	0.00398342469407829	0.00301632965654929	1.50665495820313e-07	0	0.0031553837993614	0.00161238705768083	0.00450196626396768	0	0.00363768844226381	0	0.000496870041754712	0.00153958608905113	0.00382289969040343	0.00590385930610868	0.000659790995733678	0.0102967934248405	0.061611047456401	0.0302718523712687	0	0	0	0	0	0	0.00895378273314663	0	0	0
CT>AA	0.00137144948911701	0.0217642674192725	0.0215388816721345	0.0419193610645272	0.23432133909113	0.00513918077590579	0.0112233879066036	0.0105888587146347	0.0168709734495186	3.77878172984871e-07	0.0203814770997531	0.00587277921366626	0.0205580766405649	0.0351769862415513	0.0154217025293581	0.118774644160251	0.00544992220563034	0.0222818404196328	0.00498296029695458	0.00992311279161493	0.0137465059082194	0.135351726397968	0.0130030124061739	0.0271873494210779	0.0095908952841028	0.00138764378549245	0.00887248400977011	0.00901124411599799	0.00344630639927004	0.0159809904728098	0.0349588574512417	0.144023885210951	0.0151787029592838	0.0195784608652477	0.026609435086463	0.072433545672406	0.0298989295561932	0.0010029342194913	0.0522935319571798
CT>AC	0.000746278092497606	0.00443353923261248	0.0263213266877203	0.0101850891833822	0.0917072917489468	0.0245543514556712	0.00529158127261349	0.0201383500483619	0.00671494345655273	0.00242559350141401	0.00887939303190106	0.0209298373959522	0.0160997389033656	0.006315753517983	0.00988676494151837	0.365641533189341	0.0180842283949999	0.00981791696651552	0.0236856395686683	0.0148716734334859	1.6813607484748e-06	0.0204560417706831	0.00632816243518713	0.0351979681686412	0.0135079359549439	0.0115594301547512	0.0796503394602247	7.22225639533509e-06	0.00703775079054239	0	0	0.014523019072092	0.00941728674038588	0	0.0333997384862017	0.0274667393620465	4.88154079329495e-06	0	0.0392125824253186
CT>AG	0.000216669325183211	0.00373952603456871	0.09595676888625	0.0107723986190964	0.0147861840272633	0.0170067701242671	0.00526650320702248	0.0619268529046596	0.00322598865856136	0.00305976709000825	0.0073222736172104	0.0152500667195764	0.00693929323122736	0.0054913755031035	0.00828060216347827	0.00818612578121409	0.00239255094446157	0.020247677708655	0	0.00663438912459577	4.05180367043445e-05	0.0096568291736194	0.00944416839799209	0.0522323068064799	0.0113088678217249	0.00115761202487471	0.0107159505385101	0.0273826877584004	2.17318972943934e-07	0	0	0	0.0296298562236656	0.0099915636069231	0	0.0169087405509183	0.0292682725824774	0	0.0260105667150845
CT>GA	0.00036107538991651	0.00108412683961515	0.0001088624393304	0.0017962983758592	0.00735244797943354	0.00352709995314975	0.00303571727678966	4.13921121620738e-05	0.00228091112499472	0.000326778438559432	0.00291519690321636	0.000248172704755068	0.00447493190467235	0.00064993177591561	0.0100314240080929	0.00438905269557529	0.00208419131208863	0.00339055659571708	0.00331173770948507	0.00626445500452139	0.00369409083422596	0.000711293126695805	0.00045060927771545	0.00147160583364531	0.00122070911758111	0.000514674589501014	0.000371533097414654	0.00592821501015001	0.00140260175034235	0	0	0	0.00651465247863673	0.0138206565338425	0	0.0186476414620408	0	0	0
CT>GC	0.000707018610195293	0.000634143903409211	6.42098684122453e-05	0.000615193210739103	0.00251057339940237	0.00931786966281836	0.000333986014600214	0.000186839184319136	0.00167154609628687	0	0.0016343554145906	0.0011075064582983	0.00549617449929025	0.00118523544154736	0.00206464997440144	0.00348947719018633	0.00639637251538837	0.00383153461928497	0.00341318508093118	0.0124765122690348	0	0.00121893652667657	0.00120912465757035	0.00880564681379113	0.003307357683752	0.00558889082008528	0.00266164770363009	0.0109268835307131	0.0102124991477378	0	0	0	0.00598143380853122	0	0.0333997384862017	0	0	0	0
CT>GG	0.000173103455761754	0.000849572592162033	0.00387954878765944	0.000376531679357328	0.00192729210734193	0.00673875712190737	0.0016267557195678	8.01066174252363e-05	0.00283352591454728	0.00625968248371155	0.0018495462094321	0.000230947933319232	0.000797596136033512	0.0070548255412627	0.00391004604218678	0.00112964810365936	0.00267950826727559	0.00696087686873228	0	0.00431294224445889	0.000464344092867573	0.00749149476633355	0.00410856241272687	0.00395577994529444	0.00930837569883225	0.000887576637297885	0.000347106760134547	0	0.00166421304300578	0	0	0.0322513664567866	0.00670934387868187	0	0	0	0	0	0.0131112154505225
CT>TA	0.023017657162583	0.00997764983533602	0.000820350469416037	0.00782679193325623	0.0169546626051445	0.0063342741299304	0.0046341966852142	0.0012722001750059	0.033812902533764	0.00489009875930838	0.00838502797193664	0.00358169629377688	0.0122074005241379	0.0110874148396066	0.030113295302041	0.0101427922796109	0.00858192795569392	0.00929858704523335	0.0194486710542006	0.0105769394696795	0.00736227581931975	0.0153576783691477	0.00631438956581277	0.00754520280496833	0.00587056595800847	0.00155485264277263	0.00295470356554452	7.61988360805288e-06	0.000120071399789794	0	0.00855936556861307	0.031266657015133	0.00589512708135078	0	0.00664696512846619	0.00738894051609671	0.033454884469851	0	0.026131632880785
CT>TC	0.0131067993953331	0.00176807527879339	0.00490278927182542	0.00384593968589929	0.0102211206663802	0.0543175527199063	0.00329168837820412	0.00543063010918362	0.00730150649009783	0.00464883702714639	0.00487377869136535	0.0321792333100959	0.0103571608588332	0.0167016562699218	0.00487715552544264	0.00499225223359503	0.0636915105900781	0.0114263736984111	0.105193905416993	0.0208290605111537	0.0077296534360165	0.0252580981164605	0.0127930079625297	0.0997808416170974	0.0166654006100276	0.0318207338468761	0.0514158396687238	0.0168568210441268	0.0222892826457497	0.0322336149445706	0.0194412348957489	0.0305272604399101	0.0186903864614121	0.0267045632804913	0.0200484142289396	0.0452776470973642	0.0301057202269784	0.0769046634867145	0.0260408334890403
CT>TG	0.0034623092401072	0.00261746205441676	0.0428678474504891	0.00250116607987325	0.00719165977778735	0.0113594687115668	0.00198747997791836	0.059860440603989	0.00491367831255452	0.000745521269166738	0.00448752696913604	0.0210122697518865	0.00287675450585492	0.00182265145999661	0.0049440158081554	0.00347280429755454	0.00357740235068797	0.00734765859565815	0.00819095326461445	0.00377435093693477	0	0.0053261191734602	0.0051402676299985	0.00741940890430164	0.0188055878060683	0.00144909213904136	0.00728352690716544	0.00684567193960011	0.000208563343560939	0.0321793008103875	0	0.0137805992247692	0.0169877943103508	0	0	0.0463675813132145	0.00957533753172156	0.0149938289664135	0
GC>AA	0.00217018615708473	0.00779511667929279	0.00435949577466063	0.270915211714839	0.0204975886440487	0.00911051023713546	0.0153114817682727	0.00044003508011681	0.0175894622455749	0.0108050770552741	0.040809189982948	0.0252474282558257	0.047240316157373	0.00562427922837901	0.0157016304530116	0.0152390997589613	0.00673922440324578	0.0732728025543822	0.00828064705050115	0.0239364677609837	0.00850489845575412	0.0109977567572839	0.0172223832736892	0.0299349666079381	0.0115166678685294	0.00205324103169985	0.0175015647897193	0.0180455238195383	0.0616549275775601	0	0.0265620133641258	0.0430746060945592	0.0421081588815291	0.00696008626495969	0	0.00450735049995414	0.000401700042706444	0.0281156347846869	0.025586814852908
GC>AG	0.000714723198484347	0.00136091021768367	0.000162323688057806	0.0210759397234457	0.00809070878079375	0.00818904047645853	0.00530219994755331	0.00022780765955475	0.00474333820150536	0.00871718750187769	0.0130666959275447	0.00256642104923064	0.0428849438335246	0.0127388749117902	0.00814335803620102	0.00380593353198215	0.00611801143760671	0.0237255525572762	0.0086344697254572	0.0205813114507114	0.0129559621266354	0.000235431109251042	0.00534372425214617	0.00644215252187483	0.0121513594141677	0.0012391646388331	0.00340158194932239	2.46672123710152e-06	0.00169392136737791	0	0.0156033636178178	0.0155101382800951	0.0178766962726408	0.0325524895982416	0	0	0	0.0140579580036909	0.0261921650448258
GC>AT	0.00139082888760998	0.00189295338320297	0.00218519213712449	0.0465995849959026	0.00582189501340227	0.0020093708728093	0.00268432843367669	0.0051911503470608	0.00754568496304635	0.000843453657234017	0.0110206526811302	0.0784861963750652	0.0345380087133287	4.70960283134043e-12	0.0160455135671304	0.00574793332591046	0.0122660620625671	0.0182424051121704	0.009266129090757	0.0125274438979388	0.00159975302721905	9.10822010661835e-09	0.000595276935065563	0.00654350490575342	0.0206305165541071	0.00326028505252786	0.0853757323627476	0.0049925896702008	0.0347832589411649	0.226775637622095	0.00903475694592943	0.0127872907525201	5.18793670607783e-05	0.000295443284987675	0	0.00722571539005361	0.0336219068177457	0.0146221215651463	0.0258592304676737
GC>CA	0.000149287433202989	0.00161324193022189	6.37857387485555e-13	0.00955467720209634	0.00374739916279684	0.000814346096564813	0.00133659532346413	1.33663120906117e-07	0.00907439368099449	0.0058933366968841	0.00583160800072794	0.000781189176376695	0.018309742864739	0.00627264804974911	0.00582153988224868	0.00313562819912	0.00700665280199159	0.00931585525894647	0.00599384256416655	0.00950117248137147	0.00768561984249743	0.00061871635784583	0.00892098125222454	0.0031467672043863	0.00440491912746742	0.00164487558237677	0.000810578849202685	0.000602889829276766	0.019276597741651	0	0.028029050807875	0	0.00460262197702166	0.0109740620064714	0.00664696512846619	0	0.0231855028213845	0	0.0129296152338368
GC>CG	1.37090246058312e-05	0.000191155107209967	0	4.85789730627498e-20	0.000332314205256723	0	0.000132397122866232	5.47394518411674e-06	0.000110811944873569	0	0.000329804683799087	0.000274601926579414	0.00123864172950082	0.000208811201855992	0	0.00046121285819277	0.00283031163471484	0.000902794752435738	0	0.00185783232580968	0	0	7.1199629932821e-05	0.000361959597264988	0	0.00111023910872048	0.000247853025453506	0.00499256903928793	0	0	0	0	0	0	0	0	0	0	0
GC>TA	7.29794933111731e-05	0.00112073533334443	0.00832267483282285	0.0189766353278662	0.00186830904337894	0.00443239504262725	0.00206472758472641	0.00435273498768339	0.00174400738001878	0	0.00294231513732178	0.00580357005064081	0.0124569234623846	0.0016703184806557	0.00262273938908486	0.00192624964822083	0.00141103245193531	0.00530946762546222	0	4.45862101118753e-20	8.88898369396325e-06	0	5.81541541892498e-07	0.00362907864482916	0.00296369678691175	0.000272655004981873	0.00247754574614756	0.00277915902165988	0.00542418055344184	0	0.00972061744787443	0	0.00107248152267634	0	0	0.00893735522591216	0	0.0157286979629904	0.0130204167445201
TA>AT	0.00146472847001651	0.00374748834129152	0.00536031482363754	0.0181536038363591	0.00680601623755463	0.0150197931380409	0.00438389843437726	0.00678744393811559	0.00631342052160177	0.00116062247656337	0.00809479281520615	0.0218309372561291	0.0198606498608883	0.0811125740566721	0.013412412073773	0.00571531616119214	0.0537784358873326	0.017017309751597	0.0549878039136558	0.031027678708241	0.0872071421046122	0.187359719127634	0.0405778748586636	0.0143536219152509	0.00763145774211968	0.0185175398603143	0.0121425618272914	0.0387111058228398	0.0401357169809016	0.0159809904728098	0.0277995366404345	0	0.0504869433443784	0.0514700955587667	0.0400539531555923	0	0.0208152278271396	0	0.0128690792722491
TA>CG	6.76733273947847e-05	0.000253420684930195	0.00231555449050073	0.000801840643543283	0.000527173525914817	0.00369162668330492	2.33729217582277e-11	0.00305358732892797	0.000422053563125266	0	0.000170509717407349	0.00585619925602044	0.000526345349502644	0.00071030328212808	0.00262155258475415	8.56840647894665e-05	0.00446153715123099	0.000651775246608812	0	0.00533654657912304	0.00429175531400002	0	0.000425379855794804	0.00155474878810893	0.0122395480981454	0.00113917785678937	0.0057015742763884	0	4.52076174033014e-05	0	0	0	0.0132932879059776	0	0.0133656094859598	0	0	0	0
TA>CT	0.00122760311254421	0.00301891613074632	0.00022646727764084	0.0046245748716391	0.00496870211777472	0.0171007990543264	0.00133143890746791	0.000255635869048731	0.00236072537904442	0.00179156494378144	0.00629055760777439	0.00114174702053529	0.0177136508740939	0.0323645960789672	0.004547256974125	0.00319233915849403	0.0139919344042744	0.0159165653287836	0.0084704782495761	0.0196747194290572	0.0786230910695707	0.0419586592599919	0.00873272696610593	0.00605294497546064	0.0138019804197511	0.0039709207666875	0.00107846673293156	0.0180465339504117	0.00707143013604316	0	0	0	0.0307398587789365	0	0.0066397637437694	0.00777905806914999	0	0	0
TA>GC	4.96756812579974e-05	6.15039429449216e-05	0.00180024322378075	0.000333001691809066	0.000365348130641869	0.00072465049876436	6.28716501052485e-05	0.00112501902342901	3.26274957465156e-05	0.000943590850375945	0.000183145016383617	3.0631182310542e-05	5.07544322343063e-05	0.00108659091164761	0	0.000576041643832046	0.00058702026702064	0.000164904515729755	0	0.00406839650519321	0.00762270740086974	0.00349905905729562	6.3916340688183e-05	0.000929058411211025	0.00115830489312621	0.000132800946675681	0	0.00592821501012986	0	0	0	0	0	0	0	0	0	0	0
TA>GG	0.000223693154557257	0.000139940492862011	0.00370406143290713	0.00161327516678125	0.00115862690690234	0.0101474598779495	0.000238395113329362	0.00557010393057707	0.000727283450326006	0.00078956402662482	0.00112532820889319	0.00174442469059023	0.00428368639349682	0.00316940046368416	0	0.00113817336798435	0.000851793681418954	0.00180565159439231	0	0.00145773775400396	0.00729635756088635	0.00697334250031718	0.00644404072867094	0.00195470103694398	0.00353460930390348	0.000612717127730545	1.98844152159353e-05	0	0	0	0	0	0.00599474673004638	0	0.00666850203567797	0.00932921819165024	0	0.0160017677751093	0
TA>GT	0.001645786421044	0.00131660597416291	0.000817326532751159	0.00318494428019749	0.00227087978319444	0.0152066985954257	0.00201755823894516	0.0010362634659931	0.00427717839548675	0.00109177484761969	0.00356892914727353	0.0012798670108943	0.0114881112201159	0.027263374033097	0.00755153355232243	0.00233715488695688	0.00855453025193967	0.00410486090788696	0.00693483068580755	0.0361960794542897	0.0846943696377014	0.0475637865230282	0.00723693623843335	0.00595008274132567	0.00172791439581068	0.0047119538593014	4.25631058002128e-07	0.0140207711102371	0.000848018138739995	0	0.0289371293793421	0	8.26135526173923e-05	0.0120283824380506	0	0	0.00962423556256481	0.0156373922951415	0
TC>AA	0.00170066889417698	0.00996721419955081	0.0144437707424896	0.1415683538993	0.117798480638651	0.00372492552952259	0.023113783905455	0.00156372276483806	0.0242847643834012	0.00494024271477015	0.0582110640790912	0.00135829756445976	0.0450372459731396	0.0206137763462391	0.0418016004970914	0.0355678345228323	0.00630403150969498	0.154471373367049	0.00876505798478755	0.0332254660497001	0.155823313219315	0.00713745201236509	0.0631897246335327	0.0386207905696393	0.0250230238582083	0.00135566044333719	5.1922408139425e-09	5.19012614871892e-10	5.34178712741083e-05	0.0313366122252773	0.057700545847108	0.0711314120109772	2.1099947337808e-06	0.0397237342193012	0.00635683541546117	0.0308696051334204	9.41137614722259e-15	0.037111118380735	0.0513249744669272
TC>AG	0.000347544733899316	0.0013893793517996	8.53074659141635e-15	0.0151071420026057	0.0317187291059855	0.00276552607650998	0.0035033797876443	7.05708306097347e-05	0.0625195219129417	0.00400472613271302	0.00488327366598727	0.000225160767180838	0.0101545946299714	1.16212459096422e-14	0.135449440733786	0.0108606521310927	0.00267626667454994	0.0100848125790839	0.00694892545825305	0.00408111974616617	0.00324313885025791	6.67381587430515e-13	0.00526549805949699	0.00318701459525752	0.00324221768851111	0.000726298642792641	6.26485130672765e-18	0.0205370158188003	3.85562811871282e-05	0	0	0.0632721458069179	0.00750948347953857	0.0118959455703667	0	0	0.0465678830884722	0	0.0129296152338368
TC>AT	0.0120776731643212	0.00509325243878742	0.0119825132644541	0.0484049599850101	0.0647149242496016	0.000872089403876535	0.00932319922639972	0.00106327029864092	0.144380003647173	0.00418651976902802	0.019713565335268	0.00278997453268126	0.0882196270621471	0.0298158051035203	0.182484723924936	0.0166620132471406	0.0135809524060606	0.0578793030689052	0.0087553503468524	0.0171413991221893	0.0166405622599315	3.92122776488978e-06	0.0091732172616974	0.0287998926943358	0.0173888843037944	0.00378234476418384	1.04012046849906e-05	0.0383316137573719	0.000422658257290618	0.0158722794070043	0.0305077114957992	0.0455442663212148	0.108569135186836	0.0538846664463033	0	0.0141590324974509	0.0241577537487499	0.0446108294886393	0.0390309834856751
TC>CA	0.000625489481127382	0.00438461810519915	0.058177045865158	0.0131172053484833	0.00754216406745934	0.0164015041952562	0.0127791253692526	0.0384158594093528	0.0109328284033217	0.0148408957418988	0.0147958915002795	0.0207830070634125	0.0240676593013751	0.0220960288057769	0.0268715956972728	0.00421723763378852	0.0136956316203168	0.0450983964479026	0.0204482063679731	0.0175131454624598	0.0137819373262648	0.00443162202219148	0.0139263275912325	0.0243922338660841	0.0113653717205637	0.0061514875902469	0.0119648372187519	0.00902193576521565	2.39921842768959e-06	0.0159538175248052	0.0840871524236194	0.0137805992347495	6.56709676332665e-05	0.0505362380290042	0	0.0131124649032767	0.0644165510747771	0.0769964599088829	0.0522632657615699
TC>CG	3.85419049854425e-05	0.000442133248928637	4.87304112116768e-05	0.00119616950733031	0.00143546433447791	0	2.15670133231014e-21	0.000178035457845066	0.00411907125001732	0.00428093453205678	0.000891077648949207	0.000339813500758155	0.00231948471830476	0.00480272852580743	0.00534448699000379	0.00128896837903029	0.00123337748091916	0.00340790902733267	0.00265224043322159	0.00267234903349427	0.0055704791657273	0	9.36022509475746e-57	0.00138117997091178	0.00590065937330556	0.00105583094497899	4.51132152373243e-08	0.00684567193960011	0.00168023846868845	0	0	0	0.00552685173855856	0	0.00667565885926538	0	0	0	0
TC>CT	0.00293698250168234	0.00458978327706316	0.0202588237312458	0.00625950726408655	0.00655964139747904	0.00882281424517577	0.00445368076383067	0.0202424555354916	0.0248528800033938	0.00201786491117443	0.00900569897253961	0.0415635164377228	0.0494222166578238	0.0274117723296883	0.0233408801110052	0.00431899524868239	0.0829063245373403	0.0186584554486132	0.0936714983090711	0.0189633451535096	0.00558610013303109	2.98733688234917e-13	0.0133797325775901	0.0138823539011369	0.0319857849496556	0.0383753467323116	0.0370533622950914	0.0209156700697035	0.0773216414912455	0.0159809904728098	0.0261594235132618	0.0302806212645833	0.0188071301602031	0.0533564425799229	0.0199552793690824	0.00639269794212983	0.0437344835932066	0	0.0391520498561261
TC>GA	0.000599058430919525	0.00177173837381458	0.0650136726581751	0.0134761073534125	0.00472361013657506	0.0135993798843998	0.0039561612920611	0.0598830050659899	0.00572035840108635	0.00974472480564547	0.0100928613511419	0.00858282955021164	0.0122693840204571	0.0207461755841344	0.0126756584379385	0.00337243467607495	0.00403633599966501	0.0271059876076898	0.0086493672383837	0.0107304350624959	0.00117482271360717	0.00144582703090448	0.000202155463877502	0.0220185424190214	0.00930844362532231	0.000808700400729478	1.71015123548074e-12	0.0118564300142577	0.00271040329604053	0	0.00780110436079046	0.031266657015133	0.0216785340679208	0.0373401956446091	0.0066253268551747	0.00762502939680004	0.0210287062974074	0.0145286781910621	0.0129901498920949
TC>GG	0.000363352678515079	0.000111853131644536	9.46422440824071e-05	0.000985699350255603	0.00114196023373302	0.00452965064197607	0.00155564689819296	2.72915621133219e-05	0.00700897009982174	0.00190473747567924	0.00086122433635131	0	0.00201556091612839	0.0069826977004929	0.0132827486670964	0.000801198773684643	0.000851359124993244	0.00307989411127195	0	0.00160996807924558	0.00429187704937141	0	0.000115386233333051	0.00124129010765167	0.00184813803274902	0.000425571069158646	0	0.00684567193960011	0.00203389866170257	0	0	0	0.00698288505346015	0	0	0	0	0	0
TC>GT	0.00679469490885658	0.00197440441346193	0.0372304919984755	0.00349071094781462	0.00847904651041535	0.00425992020137841	7.12421261942705e-05	0.0452262142141102	0.0242844940273628	7.4415034286729e-10	0.00321088210814038	0.014179288937639	0.00846706133105274	0.0140282625780512	0.0156406166047413	0.00401854892263771	0.00472055469223161	0.0105797651217007	0.00390173573809184	0.00588748578415108	0.0051898864624109	0.00283856783217768	0.000203356971777878	0.00565772233174808	0.00365227894406105	0.00177143035094791	0.00365178686773925	0.00684567193960011	0.0600513262241494	0.0160624901814396	0.0678198459011018	0	0.00876395688887724	0	0.00667565885926538	0.00819800209055283	0	0.0314573959259807	0
TG>AA	0.00169416881446332	0.00584927979923951	1.75418034721094e-05	0.0056335961856652	0.0139563082267152	0.0091408410188158	0.00577847735727395	7.317973227864e-05	0.0113109996778369	2.76043332080734e-05	0.00959296926320449	0.000484263823740935	0.037321551995958	0.00548078195102732	0.00257051975172856	0.0156149569397397	0.00673793471623239	0.0141109268302968	0.0127491169959065	0.00518594263899866	0.0299750468344706	0.00886813533418815	0.036686154596723	0.00689644659161265	0.0155653653121472	0.00158197656432065	0.00776606982926036	0	0.187519898045899	0	0	0	0.0202590767103545	0.0129686576504565	0	0.0171697715491801	0	0	0
TG>AC	0.000391683950965002	0.000735993080662254	2.6077048872855e-06	0.00184299885968183	0.00328336967606138	0.0105611418063035	0.00178172830929279	4.09892471099001e-05	0.00198722467379032	0.0012296843353951	0.00249133517144863	4.29468312393147e-05	0.0108868381830228	0.000892205957504857	0.00233408850669048	0.00407652310801359	0.00275636936040784	0.00360608147830628	0	0.00330825001097399	0.0164341483332943	0.00102930830718338	0.00203405563668518	0.000814973130753033	0.00652852061875368	0.00079024273257512	0.00102129473372852	0	4.19222716330062e-07	0	0	0	0.00380179601735344	0	0	0	0	0	0
TG>AT	0.00602162311985776	0.0322696129366444	0.000274679970868404	0.0103592445767604	0.0303793098483955	0.00123606393883405	0.010132573796961	0.000180903898064827	0.011403071475854	0.00869557508691527	0.0249590313910766	0.00126599623857041	0.0257591256719554	0.0438960601172185	0.0232934411745447	0.0265259908766235	0.00710888122476389	0.024656796300879	0	0.0156125882288463	0.105657494715948	0.00531913037412656	0.0248276351614412	0.0175193457370991	0.00702100421288815	0.00294223700589936	4.89055910738114e-10	0.0227858503068355	0.0248425577591593	0.015627489235975	0.0268700944518958	0.0433218655719888	0.0458230123824874	0.0188246776613739	0	0.000103584022542849	0.0184445233651098	0.0141526097595696	0.0387585779954192
TG>CA	0.0012278412486825	0.001570141841429	0.00825902303743418	0.00519254211884281	0.00756544297952499	0.00278012458263576	0.00180653440448783	0.0264679770233327	0.0120672841665703	0.00418794373831489	0.00747132848047892	0.0380382574346327	0.00786021887967846	0.0150467529444062	0.0203552990921444	0.00517621634067983	0.0431424409575203	0.0156392287512931	0.0523231936292806	0.0075132947457131	0.00276110504464653	0.00531913998794248	0.01374176715683	0.00698664624205879	0.227864221416274	0.0139666357141073	0.0701901203806096	0.0109268817163483	0.00337288454884304	0.0647115975270046	0.0189900018293071	0.0795210118361365	0.0572769627358792	0.00950437968486022	0.0133513177185308	0.0457384333792507	0	0.0146221213772012	0
TG>CC	0.000390854161353991	0.00101448551588717	0.000202875100051113	0.00324651673943772	0.0033273918044132	0	0.00152622019430827	0.000117477199621709	0.00271967551249964	0.00836243518154516	0.00234370883788464	0.000523814183335261	0.00618571118158499	4.98728464802e-06	0.00274842578244199	0.00152355584354733	0.00310642833176785	0.00407791632722946	0.00311645282933787	0.00439571718849128	0.00404519325680799	0	0.000714217925160767	0.00315852181652505	0.0195443870579244	0.000945842053381094	0.00111554815901162	0	1.30201675788935e-07	0	0.00780240715144632	0.0157564773215417	0.00577487550851354	0.0289674701743775	0	0	0	0	0
TG>CT	0.00380053672875493	0.0332284760161679	0.00259748195742257	0.0172673083530278	0.0128063118617126	0.0139140473873044	0.0118210186685033	0.00155370778312375	0.0154283664512069	0.0052223476162009	0.0328637426032708	0.000497096628116654	0.0186525010450639	0.0257449185428609	0.0104909575531436	0.0111731727958779	0.00835836535901446	0.0597366592830359	0.0196107867323686	0.0137879721680088	0.00995412409380131	3.46593716096895e-11	0.00586893240605865	0.0161659976558671	0.0261288886083117	0.00206099703515313	3.00801888029354e-06	0.0159218314509419	2.14692610393334e-05	0.0157907121686774	0.0280231167130754	0	0.00959928214724869	0.0612361282002577	0	0	0.0669915589821484	0.0599753158224424	0.0783646323832796
TG>GA	0.000692659610348409	0.000964624028071897	0.000624861984082401	0.00612993357205957	0.00227180186536198	0.00762153566623767	0.00134211911363664	0.00186128754841044	0.00232373999708375	0.00394204071185511	0.00569046000024439	0.00447592578736107	0.0103270310425379	0.00224891283088863	0	0.00209410588641649	0.00723936707808707	0.00565897643302165	0.0103738319407888	0.00395570080404376	0.0121776253879274	0	0.00799235418786485	0.00368678571967858	0.00704407896358112	0.0043030573204668	0.00391656951673642	1.17989243435715e-05	0.00746770213984553	0	0.00926651221347011	0	0.0185534911164068	0	0	0.0087772285270345	0.0233315186374524	0.0155459383112369	0
TG>GC	0.00015039648279372	0.000710913662482218	0.000145336716060425	0.00470751969768566	0.00139263192671861	0.00605772257133613	0.00163749290960331	8.69003002786069e-05	0.00156880512134201	0.00203383900729636	0.00238378795361134	0.00109644210777221	0.0018736426715362	0.00187153727259776	0.00786805362855753	0.00153911295593926	0.00216696361489759	0.00174461532294285	0.0068364088644758	0.00697537162424357	0.00454614382112737	0	0.000469091165057453	0.0006111293476686	0.00505115072082908	0.00338016137562985	0.000387242467076934	0.00499258518026538	0	0.0162254043669521	0	0	0.013173906372472	0	0	0	0.0111163993134275	0	0
TG>GT	0.00321824383783526	0.00978691672787698	0.0176730651070181	0.0112064935835103	0.0480949764857617	0.0162974268708892	0.00469324736508559	0.0107605247983225	0.0111265943156427	0.00173403671856603	0.0130095505130331	0.0150159441808997	0.01073390899598	0.0136992590474539	0.00337116898942822	0.108401463721726	0.0668707006810585	0.0113633814287364	0.0585894155907211	0.0156069997361971	0.00705128227584917	0.0106097449030932	0.00714917650117772	0.0100696113444521	0.00588077197617535	0.0460278267423125	0.0230298161698314	0.0218537683453823	0.00379158608693597	0	0.0178350127369422	0.0137805992357722	0.0269070778345264	0	0.0333639872351791	0.017519626476615	0.00880965152135939	0.0303570896057196	0
TT>AA	0.00622472540519343	0.00434897281684641	0.00990521753121769	0.0147518839865073	0.0122471156195162	0.0812450929062946	0.0151067463253072	0.0190968952008574	0.00795201019711408	0.00132668456907628	0.0145123146091267	0.026977635401315	0.0390693130546671	0.109552528273339	0.00734863714470297	0.0126170934374551	0.0582544982081361	0.0264465399703382	0.0062551642501336	0.0359817740199351	0.0820405224199811	0.201708666855822	0.315723786412726	0.0588201637904271	0.0281766556117398	0.15290405586242	0.0430240242361873	0.0159218310493952	0.0308722937965294	0	0.0175984946174488	0.0105295964791731	0.0127975966044023	0.0503842791087481	0.0801365043858533	0.0590646364244262	0.0214427124322759	0.0141525918786251	0.012445287470361
TT>AC	0.00111968251515843	0.000208389344273667	0.00613474346229417	0.00184810568615627	0.00222018564320901	0.0440149606673373	0.000800487159195203	0.00101683001792878	0.000722748167480234	0	0.00555400296555789	0.00238554656919427	0.0130610413739707	0.0273628470973891	0.00769855738880522	0.0031857974880299	0.0105341996162367	0.00546061894957365	0.0085386573254409	0.0165027372822733	0.0127412260436365	0.0241232894354359	0.0160078164147925	0.00783789294001637	0.00921168760007337	0.0115761963952694	0.00835958929595577	0.0187066575359017	0.000280846531531561	0.0161711121751476	0.00949500091465358	0	0.0190587832217269	0.0267576297746359	0.133648954148039	0.0277650731574398	0.0336329035550156	0	0
TT>AG	0.00131614869260237	0.00129144975813076	0.0188890739640529	0.000874344468711158	0.00321015587538291	0.0446074545633786	0.00538822260780434	0.0160450559161568	0.00178602284143224	0.00258780782406484	0.00249307722487584	0.00324132384300656	0.0133560149218659	0.0131369024673959	0.00705245014262197	0.00200348031633379	0.00620569132732083	0.0058645587429917	0.0120580683577926	0.0193891221217084	0.00856416068847288	0.0155425486880229	0.0239341090025435	0.0228251752133065	0.00801972284143945	0.00826061328213015	0.00276134424913003	0.000990533875400924	0.0126733633753298	0	0	0	0	0	0.0200269765777961	0.0277170869862919	0.0201814250135593	0.0470035313338917	0.0261921650448258
TT>CA	0.00204890773686489	0.000803166226764161	0.000905514831475057	0.00619390069730237	0.00369686061921867	0.152079105721198	0.000175697928889937	0.000717900063299389	0.00315617420120182	0.00393093612124236	0.0022974640998124	0.00167488454287066	0.0129910940719212	0.011677678802739	0.00262273938889799	0.00345043380966588	0.0067951426563935	0.00827289200010815	0	0.0686615474371866	0.00569666641909785	0.0177922693335291	0.0536804688714851	0.0622349173132068	0.0124979160850654	0.00761968551268276	0.00119849387088613	0.0606991170599283	0.000304647371207063	0	0.00949500091465358	0.0150169461176967	0.0376783257419116	0	0.0200412719772731	0.0265968340957355	0.00551814317077154	0.0616338768503793	0.0786975584598093
TT>CC	0.00450004923047259	0.00108527040183153	0.0059023378358745	0.00773825064518492	0.00440359978570058	0.0299411295494092	0.000783178990040102	0.00451198361278803	0.00184996898650588	0.0025057436518428	0.0012940975335503	0.0305842760926536	0.0110062047818581	0.0086034223072163	0.00521415241818658	0.00144984634556041	0.108332839240206	0.00445409189689086	0.0533537303489654	0.0153474322295323	9.8123826507517e-16	0.00570407345533975	0.0153596068966639	0.010480207939065	0.0227356459123418	0.281520773749513	0.0839102319780952	0.00592821501011828	1.20488694615008e-05	0	0.0388824697914977	0	0	0.010812417272421	0.160387313831517	0	0.0091121018245075	0.0159108816137738	0.0394244432509983
TT>CG	0.000378188688514403	0.000270938542001306	0.0213854296259588	0.00147004117982935	0.000657851116007446	0.0185419243397938	0.000485016361136157	0.0178699194841431	0.000484160308740347	0.000770523586087095	0.00109403046523883	0.00648322611598723	0.00246688094692397	0.00724274836221508	0.00274842578244199	0.000336365930395094	0.00160235283835649	0.00151602895100932	0.00343726160249969	0.00574342738264305	0	0	0.00232632936273202	0.00712144018358864	0.00474305751047481	0.00216761964791649	0.00234775239166202	0.00684567193960011	0	0	0	0	0	0	0	0	0	0	0.0130809495192197
TT>GA	0.0016706824519784	0.000344388324550818	0.013141254629158	0.00220914273875025	0.00211560856181909	0.0129560483677606	0.00270312811973783	0.00822476212778895	0.0013862453450599	0	0.0017940458482063	0.00169470626563945	0.0018106885810691	0.00662069062692087	0.00522446148271845	0.00178823466865306	0.0236233733590903	0.00571217528045253	0.0171583090706173	0.0160821442114501	0.00227096392619392	0.0342652686393231	0.0465486717172742	0.0131483518271426	0.00576728293596647	0.0144812168450517	0.00428727960979359	0.0196238582664553	0.00592765599631587	0	0	0.0147700784389908	0	0	0.0133513177185308	0.0079347905591896	0	0	0.0129598827234488
TT>GC	0.000838018132504121	0.000228919688501783	0.0411687383258607	0.00191072724550068	0.000937051896826686	0.02301587976409	0.000132867989662736	0.033357320442562	0.00184546047524961	0.0036930295434139	0.00116495561641164	0.0170424225595541	0.00517721928186946	0.00311003799742378	0.00260352703920911	0.000585038811709685	0.00692788081303341	0.00225975559076759	0	0.0266094985219276	0	0.00531915457750815	0.012226545124486	0.00786993214223533	0.00829753696805591	0.00953351907377041	0.00190682147579148	0.0392477165329106	0	0	0	0	0.0118957602525266	0	0.0668280474297988	0	0.0216613858778057	0	0.0131414810836661
TT>GG	0.00132715945509252	0.000683850370979168	0.197171759913857	0.000398723169103705	0.00127109806207529	0.0432932263438005	0.000213029240384212	0.116638255548876	0.001165964521118	0	0.00112320423161064	0.0257161088187343	0.0007696611545538	0.00427679945350583	0	0.00157958404893872	0.042784596957323	0.00146083128575202	0.00348699234411858	0.00940402215519039	0.00031661640039537	0.00565433524625268	0.00118378273800133	0.0368331680754615	0.00285241709755801	0.177156082514144	0.0195407156854908	0.0136913438792002	0	0	0.00855936106889064	0	0.0131076332443739	0	0.0333782942963269	0.0370402259366126	0.00884621279640365	0.0156373922951415	0
